TransectID,distance,red,green,blue,nir
100,0.0,200,195,179,150
100,4.0714520650908526e-05,200,195,179,150
100,1.000040714520651,199,194,177,153
100,2.000040714520651,187,177,161,133
100,3.000040714520651,142,134,117,107
100,4.000040714520651,143,133,114,103
100,5.000040714520651,147,138,121,103
100,6.000040714520651,136,124,112,102
100,7.000040714520651,134,124,113,100
100,8.000040714520651,153,143,121,114
100,9.000040714520651,154,143,128,118
100,10.000040714520651,147,139,126,118
100,11.000040714520651,167,158,139,122
100,12.000040714520651,159,152,138,118
100,13.000040714520651,181,170,151,124
100,14.000040714520651,161,155,138,122
100,15.000040714520651,175,163,143,129
100,16.00004071452065,162,151,138,127
100,17.00004071452065,168,158,140,130
100,18.00004071452065,162,155,139,130
100,19.00004071452065,163,158,141,129
100,20.00004071452065,171,163,141,127
100,21.00004071452065,174,168,147,128
100,22.00004071452065,189,185,161,144
100,23.00004071452065,179,167,156,126
100,24.00004071452065,180,170,153,125
100,25.00004071452065,155,142,130,111
100,26.00004071452065,165,151,139,118
100,27.00004071452065,167,153,136,119
100,28.00004071452065,157,145,126,112
100,29.00004071452065,150,140,122,107
100,30.00004071452065,146,137,120,113
100,31.00004071452065,158,142,127,116
100,32.00004071452065,150,143,125,115
100,33.00004071452065,139,131,119,116
100,34.00004071452065,158,143,128,122
100,35.00004071452065,154,146,125,123
100,36.00004071452065,153,142,127,115
100,37.00004071452065,151,147,130,118
100,38.00004071452065,173,165,145,132
100,39.00004071452065,176,169,147,133
100,40.00004071452065,176,164,150,136
100,41.00004071452065,172,162,145,136
100,42.00004071452065,174,170,148,142
100,43.00004071452065,184,179,158,150
100,44.00004071452065,175,177,155,153
100,45.00004071452065,201,201,184,172
100,46.00004071452065,213,210,203,188
100,47.00004071452065,200,200,184,176
100,48.00004071452065,204,206,197,191
100,49.00004071452065,217,216,212,196
100,50.00004071452065,211,209,204,178
100,51.00004071452065,195,196,176,143
100,52.00004071452065,169,168,153,125
100,53.00004071452065,201,202,195,142
100,54.00004071452065,213,214,212,169
100,55.00004071452065,217,216,214,181
100,56.00004071452065,218,217,215,194
100,57.00004071452065,220,219,217,195
100,58.00004071452065,224,223,221,206
100,59.00004071452065,225,223,222,204
100,60.00004071452065,225,223,222,207
100,61.00004071452065,225,224,222,207
100,62.00004071452065,222,221,220,196
100,63.00004071452065,218,218,217,194
100,64.00004071452065,221,219,217,192
100,65.00004071452065,220,220,218,194
100,66.00004071452065,223,222,220,200
100,67.00004071452065,223,221,220,202
100,68.00004071452065,223,221,220,202
100,69.00004071452065,224,223,221,205
100,70.00004071452065,224,223,221,204
100,71.00004071452065,224,222,221,204
100,72.00004071452065,224,222,221,202
100,73.00004071452065,223,221,220,200
100,74.00004071452065,222,222,220,199
100,75.00004071452065,222,220,219,197
100,76.00004071452065,223,222,220,202
100,77.00004071452065,224,223,221,202
100,78.00004071452065,224,223,221,202
100,79.00004071452065,223,222,221,201
100,80.00004071452065,220,218,216,195
100,81.00004071452065,219,218,215,190
100,82.00004071452065,219,217,214,185
100,83.00004071452065,218,216,213,185
100,84.00004071452065,218,216,213,185
100,85.00004071452065,219,217,213,186
100,86.00004071452065,218,216,213,187
100,87.00004071452065,218,216,213,183
100,88.00004071452065,216,216,213,183
100,89.00004071452065,217,215,212,180
100,90.00004071452065,217,216,212,179
100,91.00004071452065,217,216,213,179
100,92.00004071452065,214,212,209,167
100,93.00004071452065,212,210,205,158
100,94.00004071452065,208,205,197,146
100,95.00004071452065,207,205,198,142
100,96.00004071452065,205,202,193,133
100,97.00004071452065,203,200,190,132
100,98.00004071452065,201,199,187,129
100,99.00004071452065,202,197,187,126
100,100.00004071452065,190,182,169,108
100,101.00004071452065,185,181,161,104
100,102.00004071452065,186,180,162,103
100,103.00004071452065,184,179,161,103
100,104.00004071452065,187,178,159,102
100,105.00004071452065,181,175,155,99
100,106.00004071452065,180,172,156,98
100,107.00004071452065,188,181,162,106
100,108.00004071452065,194,191,180,113
100,109.00004071452065,195,192,184,115
100,110.00004071452065,204,201,195,133
100,111.00004071452065,202,199,192,129
100,112.00004071452065,206,204,197,145
100,113.00004071452065,209,206,200,154
100,114.00004071452065,207,203,195,144
100,115.00004071452065,201,199,188,132
100,116.00004071452065,197,192,180,121
100,117.00004071452065,194,191,177,116
100,118.00004071452065,184,175,156,93
100,119.00004071452065,184,173,154,90
100,120.00004071452065,181,176,152,87
100,121.00004071452065,184,172,149,83
100,122.00004071452065,180,174,150,79
100,123.00004071452065,179,176,154,68
100,124.00004071452065,176,171,154,65
100,125.00004071452065,182,181,167,60
100,126.00004071452065,174,171,154,54
100,127.00004071452065,166,163,143,44
100,128.00004071452065,157,157,137,34
100,129.00004071452065,148,153,126,26
100,130.00004071452065,147,153,127,24
100,131.00004071452065,146,153,129,22
100,132.00004071452065,147,154,127,23
100,133.00004071452065,146,155,126,22
100,134.00004071452065,150,155,129,22
100,135.00004071452065,149,156,128,21
100,136.00004071452065,143,152,124,21
100,137.00004071452065,142,151,127,20
100,138.00004071452065,139,151,127,18
100,139.00004071452065,138,152,127,20
100,140.00004071452065,137,150,123,20
100,141.00004071452065,135,148,121,20
100,142.00004071452065,136,149,123,18
100,143.00004071452065,136,149,124,18
100,144.00004071452065,134,149,119,17
100,145.00004071452065,132,148,121,17
100,146.00004071452065,138,156,126,20
100,147.00004071452065,141,156,127,17
100,148.00004071452065,145,156,127,17
100,149.00004071452065,146,157,128,19
100,150.00004071452065,147,160,131,20
100,151.00004071452065,149,164,135,22
100,152.00004071452065,157,176,153,28
100,153.00004071452065,154,171,148,28
100,154.00004071452065,157,170,147,26
100,155.00004071452065,158,170,146,27
100,156.00004071452065,157,167,143,27
100,157.00004071452065,157,170,146,29
100,158.00004071452065,167,177,156,33
100,159.00004071452065,170,180,163,36
100,160.00004071452065,169,180,164,35
100,161.00004071452065,181,191,181,48
100,162.00004071452065,196,205,200,60
100,163.00004071452065,206,210,212,72
100,164.00004071452065,201,209,210,73
100,165.00004071452065,207,211,212,83
100,166.00004071452065,211,213,215,87
100,167.00004071452065,202,207,208,75
100,168.00004071452065,198,203,202,63
100,169.00004071452065,179,187,180,44
100,170.00004071452065,167,174,156,35
100,171.00004071452065,165,173,153,33
100,172.00004071452065,210,209,210,73
100,173.00004071452065,188,203,203,48
100,174.00004071452065,122,140,120,20
100,175.00004071452065,127,139,115,19
100,176.00004071452065,126,142,119,18
100,177.00004071452065,126,141,116,17
100,178.00004071452065,126,145,121,17
100,179.00004071452065,122,143,121,19
100,180.00004071452065,126,148,129,23
100,181.00004071452065,130,155,134,22
100,182.00004071452065,121,147,122,19
100,183.00004071452065,116,137,118,19
100,184.00004071452065,108,132,110,16
100,185.00004071452065,110,134,113,17
100,186.00004071452065,112,137,117,18
100,187.00004071452065,101,130,109,16
100,188.00004071452065,95,126,109,16
100,189.00004071452065,89,119,101,16
100,190.00004071452065,86,114,97,15
100,191.00004071452065,88,112,92,16
100,192.00004071452065,89,115,94,15
100,193.00004071452065,88,117,97,15
100,194.00004071452065,92,118,98,16
100,195.00004071452065,94,120,101,16
100,196.00004071452065,93,121,104,16
100,197.00004071452065,93,120,103,15
100,198.00004071452065,90,119,102,16
100,199.00004071452065,89,116,97,14
100,200.00004071452065,89,117,98,14
100,201.00004071452065,93,119,98,15
100,202.00004071452065,93,120,99,14
100,203.00004071452065,92,122,102,15
100,204.00004071452065,88,119,101,15
100,205.00004071452065,89,115,95,15
100,206.00004071452065,88,112,95,15
100,207.00004071452065,91,119,99,15
100,208.00004071452065,92,121,101,15
100,209.00004071452065,96,121,102,15
100,210.00004071452065,90,119,101,15
100,211.00004071452065,87,114,97,15
100,212.00004071452065,90,117,97,13
100,213.00004071452065,92,116,98,15
100,214.00004071452065,87,116,98,15
100,215.00004071452065,91,120,101,15
100,216.00004071452065,97,129,111,17
100,217.00004071452065,94,124,106,18
100,218.00004071452065,92,118,103,16
100,219.00004071452065,90,119,102,16
100,220.00004071452065,92,119,105,17
100,221.00004071452065,86,117,101,15
100,222.00004071452065,86,118,96,14
100,223.00004071452065,91,122,102,15
100,224.00004071452065,92,125,104,15
100,225.00004071452065,94,130,108,17
100,226.00004071452065,92,129,107,16
100,227.00004071452065,87,126,104,15
100,228.00004071452065,96,129,112,17
100,229.00004071452065,93,126,108,16
100,230.00004071452065,92,127,105,17
100,231.00004071452065,91,128,109,16
100,232.00004071452065,91,125,108,15
100,233.00004071452065,95,128,108,16
100,234.00004071452065,127,160,140,28
100,235.00004071452065,131,165,149,28
100,236.00004071452065,144,171,161,33
100,237.00004071452065,162,186,180,41
100,238.00004071452065,170,190,184,47
100,239.00004071452065,175,193,189,45
100,240.00004071452065,179,197,192,48
100,241.00004071452065,169,190,186,40
100,242.00004071452065,165,188,183,41
100,243.00004071452065,168,187,183,40
100,244.00004071452065,169,186,181,40
100,245.00004071452065,168,183,177,38
100,246.00004071452065,154,175,170,34
100,247.00004071452065,144,166,156,31
100,248.00004071452065,162,178,166,35
100,249.00004071452065,150,169,154,30
100,250.00004071452065,133,152,137,25
100,251.00004071452065,114,132,119,20
100,252.00004071452065,106,123,106,15
100,253.00004071452065,104,126,104,15
100,254.00004071452065,102,124,102,14
100,255.00004071452065,99,122,101,14
100,256.00004071452065,96,120,100,15
100,257.00004071452065,92,117,96,14
100,258.00004071452065,90,114,97,15
100,259.00004071452065,88,113,94,15
100,260.00004071452065,88,117,95,15
100,261.00004071452065,88,115,94,15
100,262.00004071452065,87,112,94,14
100,263.00004071452065,86,111,93,14
100,264.00004071452065,84,112,94,13
100,265.00004071452065,88,111,92,11
100,266.00004071452065,86,112,92,14
100,267.00004071452065,84,112,92,14
100,268.00004071452065,82,110,91,13
100,269.00004071452065,83,109,91,13
100,270.00004071452065,82,113,97,14
100,271.00004071452065,83,109,91,14
100,272.00004071452065,83,111,90,14
100,273.00004071452065,79,112,90,15
100,274.00004071452065,81,108,91,15
100,275.00004071452065,78,104,92,14
100,276.00004071452065,74,105,89,14
100,277.00004071452065,77,103,88,14
100,278.00004071452065,74,100,89,14
100,279.00004071452065,73,104,89,13
100,280.00004071452065,73,101,88,14
100,281.00004071452065,74,98,85,14
100,282.00004071452065,72,98,82,12
100,283.00004071452065,73,100,86,14
100,284.00004071452065,69,101,87,14
100,285.00004071452065,72,103,89,14
100,286.00004071452065,70,101,88,14
100,287.00004071452065,72,99,88,12
100,288.00004071452065,69,100,85,13
100,289.00004071452065,71,100,83,14
100,290.00004071452065,70,100,87,13
100,291.00004071452065,71,100,86,13
100,292.00004071452065,68,98,84,13
100,293.00004071452065,67,98,84,14
100,294.00004071452065,72,99,91,14
100,295.00004071452065,72,99,83,13
100,296.00004071452065,71,98,88,14
100,297.00004071452065,71,100,88,13
100,298.00004071452065,70,103,93,14
100,299.00004071452065,73,100,87,14
100,300.00004071452065,71,102,88,13
378,0.0,180,162,134,121
378,3.8585417314607184e-06,180,162,134,121
378,1.0000038585417315,201,190,157,131
378,2.0000038585417315,178,167,134,124
378,3.0000038585417315,188,169,141,126
378,4.0000038585417315,187,173,136,134
378,5.0000038585417315,172,153,122,132
378,6.0000038585417315,187,170,133,138
378,7.0000038585417315,177,160,127,134
378,8.000003858541731,200,176,145,140
378,9.000003858541731,196,182,144,145
378,10.000003858541731,189,177,141,149
378,11.000003858541731,195,175,141,142
378,12.000003858541731,161,145,112,123
378,13.000003858541731,160,141,108,121
378,14.000003858541731,163,144,109,125
378,15.000003858541731,158,130,95,118
378,16.00000385854173,151,126,95,116
378,17.00000385854173,158,127,99,113
378,18.00000385854173,158,135,105,120
378,19.00000385854173,155,139,105,125
378,20.00000385854173,168,149,114,128
378,21.00000385854173,160,137,105,126
378,22.00000385854173,162,136,102,125
378,23.00000385854173,156,138,102,125
378,24.00000385854173,158,139,105,122
378,25.00000385854173,173,159,118,133
378,26.00000385854173,175,154,118,135
378,27.00000385854173,175,153,124,133
378,28.00000385854173,191,171,132,139
378,29.00000385854173,188,170,131,139
378,30.00000385854173,187,170,129,135
378,31.00000385854173,183,165,128,132
378,32.00000385854173,170,141,115,122
378,33.00000385854173,180,169,132,134
378,34.00000385854173,179,161,136,127
378,35.00000385854173,196,181,149,143
378,36.00000385854173,207,197,165,163
378,37.00000385854173,201,192,159,156
378,38.00000385854173,215,209,173,181
378,39.00000385854173,211,209,169,183
378,40.00000385854173,204,200,169,184
378,41.00000385854173,221,217,197,198
378,42.00000385854173,226,223,204,204
378,43.00000385854173,227,222,209,198
378,44.00000385854173,229,224,211,200
378,45.00000385854173,234,230,216,206
378,46.00000385854173,234,230,216,209
378,47.00000385854173,232,228,213,208
378,48.00000385854173,229,225,210,199
378,49.00000385854173,225,221,204,190
378,50.00000385854173,216,209,190,168
378,51.00000385854173,219,212,195,164
378,52.00000385854173,225,219,206,171
378,53.00000385854173,223,219,204,170
378,54.00000385854173,217,213,197,161
378,55.00000385854173,224,219,207,170
378,56.00000385854173,226,223,208,174
378,57.00000385854173,228,225,212,186
378,58.00000385854173,228,225,212,187
378,59.00000385854173,229,226,213,187
378,60.00000385854173,229,225,213,188
378,61.00000385854173,227,224,211,188
378,62.00000385854173,228,224,212,186
378,63.00000385854173,230,227,214,190
378,64.00000385854173,231,227,214,191
378,65.00000385854173,230,227,214,190
378,66.00000385854173,230,226,213,189
378,67.00000385854173,230,226,214,188
378,68.00000385854173,229,226,213,187
378,69.00000385854173,229,226,214,187
378,70.00000385854173,230,226,214,189
378,71.00000385854173,230,226,213,192
378,72.00000385854173,231,227,214,193
378,73.00000385854173,231,227,214,194
378,74.00000385854173,230,227,214,192
378,75.00000385854173,230,226,214,192
378,76.00000385854173,230,226,213,193
378,77.00000385854173,230,226,213,192
378,78.00000385854173,230,226,212,189
378,79.00000385854173,230,226,212,188
378,80.00000385854173,230,226,213,189
378,81.00000385854173,230,226,213,186
378,82.00000385854173,230,226,213,189
378,83.00000385854173,229,225,211,187
378,84.00000385854173,228,224,211,184
378,85.00000385854173,229,225,212,186
378,86.00000385854173,229,225,211,186
378,87.00000385854173,228,225,211,184
378,88.00000385854173,229,225,211,187
378,89.00000385854173,228,225,211,186
378,90.00000385854173,228,225,210,185
378,91.00000385854173,228,224,211,184
378,92.00000385854173,229,225,211,184
378,93.00000385854173,228,224,211,182
378,94.00000385854173,228,224,210,185
378,95.00000385854173,226,223,207,176
378,96.00000385854173,227,222,207,173
378,97.00000385854173,227,222,207,173
378,98.00000385854173,225,221,205,170
378,99.00000385854173,226,221,204,169
378,100.00000385854173,224,220,202,167
378,101.00000385854173,224,219,203,167
378,102.00000385854173,223,219,201,166
378,103.00000385854173,219,214,193,153
378,104.00000385854173,218,212,189,147
378,105.00000385854173,217,210,185,136
378,106.00000385854173,210,203,174,124
378,107.00000385854173,207,197,167,118
378,108.00000385854173,206,196,162,116
378,109.00000385854173,204,196,163,113
378,110.00000385854173,201,189,159,109
378,111.00000385854173,204,193,165,108
378,112.00000385854173,201,192,163,107
378,113.00000385854173,199,181,156,98
378,114.00000385854173,193,183,152,95
378,115.00000385854173,198,182,152,98
378,116.00000385854173,194,178,150,97
378,117.00000385854173,191,175,143,93
378,118.00000385854173,186,170,134,91
378,119.00000385854173,186,170,138,81
378,120.00000385854173,178,165,126,60
378,121.00000385854173,179,165,123,55
378,122.00000385854173,178,164,122,53
378,123.00000385854173,176,165,131,59
378,124.00000385854173,176,163,129,60
378,125.00000385854173,178,166,127,56
378,126.00000385854173,178,166,129,63
378,127.00000385854173,181,167,134,66
378,128.00000385854173,181,168,130,64
378,129.00000385854173,182,169,134,61
378,130.00000385854173,180,169,138,56
378,131.00000385854173,182,177,152,52
378,132.00000385854173,187,180,159,51
378,133.00000385854173,181,179,148,43
378,134.00000385854173,172,168,138,39
378,135.00000385854173,171,166,134,36
378,136.00000385854173,163,160,121,34
378,137.00000385854173,160,161,124,34
378,138.00000385854173,156,152,116,29
378,139.00000385854173,156,151,117,27
378,140.00000385854173,148,149,111,24
378,141.00000385854173,147,147,114,24
378,142.00000385854173,150,148,108,22
378,143.00000385854173,148,146,109,23
378,144.00000385854173,139,147,111,20
378,145.00000385854173,135,143,107,20
378,146.00000385854173,138,139,103,18
378,147.00000385854173,136,138,106,17
378,148.00000385854173,135,138,104,18
378,149.00000385854173,127,141,101,19
378,150.00000385854173,126,137,104,20
378,151.00000385854173,120,138,103,16
378,152.00000385854173,121,133,103,16
378,153.00000385854173,128,135,103,19
378,154.00000385854173,126,139,106,18
378,155.00000385854173,131,135,106,19
378,156.00000385854173,144,144,107,22
378,157.00000385854173,146,146,109,22
378,158.00000385854173,138,146,110,20
378,159.00000385854173,142,139,105,18
378,160.00000385854173,139,139,106,20
378,161.00000385854173,140,145,109,20
378,162.00000385854173,140,146,110,20
378,163.00000385854173,134,142,106,17
378,164.00000385854173,130,145,112,19
378,165.00000385854173,131,147,108,19
378,166.00000385854173,139,154,131,23
378,167.00000385854173,138,152,126,24
378,168.00000385854173,158,171,154,31
378,169.00000385854173,154,172,149,31
378,170.00000385854173,158,171,146,29
378,171.00000385854173,146,160,136,27
378,172.00000385854173,152,165,147,33
378,173.00000385854173,155,167,144,30
378,174.00000385854173,159,170,154,34
378,175.00000385854173,173,181,163,41
378,176.00000385854173,153,168,147,33
378,177.00000385854173,155,165,140,30
378,178.00000385854173,156,164,136,31
378,179.00000385854173,161,166,131,28
378,180.00000385854173,151,151,120,25
378,181.00000385854173,138,143,110,21
378,182.00000385854173,144,142,110,20
378,183.00000385854173,143,147,111,22
378,184.00000385854173,131,140,105,19
378,185.00000385854173,129,138,107,19
378,186.00000385854173,126,137,102,17
378,187.00000385854173,123,141,104,19
378,188.00000385854173,124,138,112,20
378,189.00000385854173,174,194,169,43
378,190.00000385854173,150,161,138,29
378,191.00000385854173,105,123,88,19
378,192.00000385854173,96,115,88,17
378,193.00000385854173,101,120,87,16
378,194.00000385854173,91,115,84,15
378,195.00000385854173,99,112,84,15
378,196.00000385854173,92,112,89,16
378,197.00000385854173,90,111,84,15
378,198.00000385854173,91,115,82,15
378,199.00000385854173,93,114,84,14
378,200.00000385854173,92,115,81,14
378,201.00000385854173,89,113,80,15
378,202.00000385854173,87,113,82,18
378,203.00000385854173,86,109,84,14
378,204.00000385854173,82,108,80,14
378,205.00000385854173,80,106,78,16
378,206.00000385854173,84,103,78,14
378,207.00000385854173,81,107,83,13
378,208.00000385854173,83,110,81,13
378,209.00000385854173,87,110,83,15
378,210.00000385854173,86,110,79,13
378,211.00000385854173,85,112,85,14
378,212.00000385854173,87,108,82,14
378,213.00000385854173,85,106,80,13
378,214.00000385854173,85,110,74,15
378,215.00000385854173,84,110,81,15
378,216.00000385854173,85,109,81,14
378,217.00000385854173,88,112,81,14
378,218.00000385854173,80,112,83,14
378,219.00000385854173,86,110,85,13
378,220.00000385854173,89,108,87,15
378,221.00000385854173,86,111,82,12
378,222.00000385854173,89,117,89,16
378,223.00000385854173,91,113,90,16
378,224.00000385854173,107,136,106,24
378,225.00000385854173,117,145,116,24
378,226.00000385854173,122,151,129,26
378,227.00000385854173,119,145,118,26
378,228.00000385854173,119,152,131,26
378,229.00000385854173,143,162,137,31
378,230.00000385854173,134,163,145,29
378,231.00000385854173,133,169,138,28
378,232.00000385854173,147,169,157,32
378,233.00000385854173,163,191,168,37
378,234.00000385854173,159,184,169,36
378,235.00000385854173,169,187,172,40
378,236.00000385854173,177,192,181,45
378,237.00000385854173,192,201,194,57
378,238.00000385854173,189,199,185,54
378,239.00000385854173,170,188,172,49
378,240.00000385854173,180,194,190,55
378,241.00000385854173,209,215,209,73
378,242.00000385854173,211,216,208,76
378,243.00000385854173,216,218,212,84
378,244.00000385854173,220,222,213,88
378,245.00000385854173,216,219,211,77
378,246.00000385854173,219,221,212,88
378,247.00000385854173,223,223,216,95
378,248.00000385854173,225,227,220,102
378,249.00000385854173,221,224,213,92
378,250.00000385854173,216,219,213,92
378,251.00000385854173,221,222,213,90
378,252.00000385854173,207,213,197,63
378,253.00000385854173,187,197,166,46
378,254.00000385854173,126,141,107,24
378,255.00000385854173,112,129,95,18
378,256.00000385854173,105,119,88,17
378,257.00000385854173,93,112,87,16
378,258.00000385854173,96,114,84,15
378,259.00000385854173,93,112,87,14
378,260.00000385854173,89,110,83,14
378,261.00000385854173,91,110,81,15
378,262.00000385854173,92,111,83,16
378,263.00000385854173,92,110,83,14
378,264.00000385854173,87,111,78,13
378,265.00000385854173,92,108,78,14
378,266.00000385854173,89,107,80,14
378,267.00000385854173,86,105,81,14
378,268.00000385854173,84,105,76,14
378,269.00000385854173,83,103,79,14
378,270.00000385854173,80,106,79,14
378,271.00000385854173,86,103,78,12
378,272.00000385854173,77,104,76,14
378,273.00000385854173,79,103,78,14
378,274.00000385854173,82,105,79,13
378,275.00000385854173,81,100,76,12
378,276.00000385854173,81,102,76,12
378,277.00000385854173,79,101,78,13
378,278.00000385854173,79,98,80,14
378,279.00000385854173,74,98,80,14
378,280.00000385854173,79,100,73,14
378,281.00000385854173,72,97,74,13
378,282.00000385854173,72,97,74,14
378,283.00000385854173,76,101,73,13
378,284.00000385854173,74,97,74,14
378,285.00000385854173,74,102,75,12
378,286.00000385854173,73,97,71,11
378,287.00000385854173,72,95,72,15
378,288.00000385854173,74,97,76,15
378,289.00000385854173,73,96,73,14
378,290.00000385854173,75,95,79,14
378,291.00000385854173,72,93,73,14
378,292.00000385854173,68,92,72,11
378,293.00000385854173,70,94,71,12
378,294.00000385854173,70,93,69,14
378,295.00000385854173,73,94,75,15
378,296.00000385854173,69,92,73,12
378,297.00000385854173,69,99,73,13
378,298.00000385854173,71,94,72,13
378,299.00000385854173,68,94,69,14
378,300.00000385854173,69,92,71,12
663,0.0,133,111,93,106
663,2.4680357341821946e-05,133,111,93,106
663,1.0000246803573418,125,109,87,102
663,2.000024680357342,119,108,91,101
663,3.000024680357342,128,114,92,102
663,4.000024680357342,117,112,89,106
663,5.000024680357342,117,107,87,100
663,6.000024680357342,127,122,92,110
663,7.000024680357342,119,117,90,116
663,8.000024680357342,122,115,92,101
663,9.000024680357342,121,106,86,96
663,10.000024680357342,121,105,87,96
663,11.000024680357342,119,106,87,97
663,12.000024680357342,123,110,84,100
663,13.000024680357342,117,106,81,101
663,14.000024680357342,123,105,86,105
663,15.000024680357342,131,113,92,104
663,16.000024680357342,129,112,92,106
663,17.000024680357342,131,113,95,112
663,18.000024680357342,128,111,96,113
663,19.000024680357342,131,118,97,116
663,20.000024680357342,135,121,98,118
663,21.000024680357342,131,119,97,116
663,22.000024680357342,135,121,97,114
663,23.000024680357342,135,124,102,116
663,24.000024680357342,142,126,104,117
663,25.000024680357342,145,138,108,124
663,26.000024680357342,143,129,108,114
663,27.000024680357342,143,130,106,115
663,28.000024680357342,147,138,115,115
663,29.000024680357342,149,139,113,123
663,30.000024680357342,150,143,117,128
663,31.000024680357342,159,143,116,126
663,32.00002468035734,173,156,126,129
663,33.00002468035734,174,157,131,132
663,34.00002468035734,152,140,112,125
663,35.00002468035734,150,139,112,122
663,36.00002468035734,159,147,124,125
663,37.00002468035734,192,181,154,143
663,38.00002468035734,182,173,141,138
663,39.00002468035734,156,135,110,120
663,40.00002468035734,170,154,135,128
663,41.00002468035734,180,170,142,133
663,42.00002468035734,193,188,161,146
663,43.00002468035734,220,216,207,178
663,44.00002468035734,219,218,205,181
663,45.00002468035734,197,198,176,131
663,46.00002468035734,178,171,164,96
663,47.00002468035734,199,197,186,115
663,48.00002468035734,217,215,207,152
663,49.00002468035734,221,220,211,175
663,50.00002468035734,222,221,212,179
663,51.00002468035734,223,222,212,185
663,52.00002468035734,224,223,214,189
663,53.00002468035734,227,226,216,198
663,54.00002468035734,227,226,217,200
663,55.00002468035734,227,226,217,200
663,56.00002468035734,227,226,217,199
663,57.00002468035734,228,227,217,200
663,58.00002468035734,228,226,217,202
663,59.00002468035734,227,226,217,201
663,60.00002468035734,227,225,216,200
663,61.00002468035734,226,225,216,198
663,62.00002468035734,228,226,216,200
663,63.00002468035734,227,226,216,201
663,64.00002468035734,227,226,216,199
663,65.00002468035734,224,222,213,189
663,66.00002468035734,226,224,215,194
663,67.00002468035734,226,225,215,197
663,68.00002468035734,226,225,215,195
663,69.00002468035734,227,225,215,197
663,70.00002468035734,226,225,215,196
663,71.00002468035734,226,225,215,197
663,72.00002468035734,226,225,215,198
663,73.00002468035734,227,226,216,199
663,74.00002468035734,227,225,215,198
663,75.00002468035734,227,225,215,198
663,76.00002468035734,227,226,216,200
663,77.00002468035734,228,225,215,198
663,78.00002468035734,227,227,216,201
663,79.00002468035734,227,225,215,198
663,80.00002468035734,227,225,215,198
663,81.00002468035734,226,224,214,197
663,82.00002468035734,226,225,214,197
663,83.00002468035734,226,224,214,195
663,84.00002468035734,225,224,213,195
663,85.00002468035734,223,222,212,190
663,86.00002468035734,224,222,213,189
663,87.00002468035734,224,222,212,190
663,88.00002468035734,223,222,211,188
663,89.00002468035734,222,220,210,182
663,90.00002468035734,219,217,207,173
663,91.00002468035734,222,221,211,181
663,92.00002468035734,223,221,211,187
663,93.00002468035734,223,221,211,183
663,94.00002468035734,221,219,209,177
663,95.00002468035734,220,218,208,177
663,96.00002468035734,220,218,207,170
663,97.00002468035734,216,215,203,161
663,98.00002468035734,215,213,201,154
663,99.00002468035734,210,208,194,141
663,100.00002468035734,211,208,193,137
663,101.00002468035734,211,208,192,138
663,102.00002468035734,210,205,188,131
663,103.00002468035734,207,204,186,124
663,104.00002468035734,206,202,184,119
663,105.00002468035734,201,197,174,108
663,106.00002468035734,200,195,175,107
663,107.00002468035734,197,189,168,98
663,108.00002468035734,195,187,161,97
663,109.00002468035734,192,187,161,95
663,110.00002468035734,193,185,160,94
663,111.00002468035734,195,185,164,96
663,112.00002468035734,195,188,166,97
663,113.00002468035734,204,199,182,111
663,114.00002468035734,197,193,174,106
663,115.00002468035734,197,190,173,99
663,116.00002468035734,200,194,175,106
663,117.00002468035734,203,198,184,115
663,118.00002468035734,206,203,187,118
663,119.00002468035734,197,189,165,102
663,120.00002468035734,195,187,159,97
663,121.00002468035734,192,179,149,97
663,122.00002468035734,183,168,140,85
663,123.00002468035734,182,169,141,84
663,124.00002468035734,183,170,138,81
663,125.00002468035734,179,165,134,76
663,126.00002468035734,178,163,137,74
663,127.00002468035734,181,164,136,71
663,128.00002468035734,187,177,156,65
663,129.00002468035734,187,179,157,58
663,130.00002468035734,191,182,158,53
663,131.00002468035734,188,182,148,46
663,132.00002468035734,181,177,145,42
663,133.00002468035734,173,172,148,31
663,134.00002468035734,158,163,136,20
663,135.00002468035734,154,163,134,19
663,136.00002468035734,153,164,133,18
663,137.00002468035734,154,163,131,15
663,138.00002468035734,140,153,125,14
663,139.00002468035734,143,156,128,15
663,140.00002468035734,141,156,121,12
663,141.00002468035734,138,153,119,13
663,142.00002468035734,142,158,127,14
663,143.00002468035734,139,158,128,12
663,144.00002468035734,135,153,123,13
663,145.00002468035734,137,153,127,12
663,146.00002468035734,136,156,127,11
663,147.00002468035734,139,156,127,12
663,148.00002468035734,141,158,127,12
663,149.00002468035734,135,159,129,12
663,150.00002468035734,145,159,131,12
663,151.00002468035734,147,158,125,14
663,152.00002468035734,154,163,132,16
663,153.00002468035734,156,167,136,17
663,154.00002468035734,156,170,141,17
663,155.00002468035734,156,166,141,18
663,156.00002468035734,163,171,147,20
663,157.00002468035734,194,191,174,33
663,158.00002468035734,209,213,211,54
663,159.00002468035734,207,212,205,53
663,160.00002468035734,204,209,204,52
663,161.00002468035734,200,204,197,48
663,162.00002468035734,178,185,161,34
663,163.00002468035734,172,173,145,28
663,164.00002468035734,163,168,138,23
663,165.00002468035734,155,164,128,18
663,166.00002468035734,156,165,133,17
663,167.00002468035734,144,156,125,14
663,168.00002468035734,137,157,130,14
663,169.00002468035734,132,161,128,14
663,170.00002468035734,107,140,110,11
663,171.00002468035734,119,143,115,11
663,172.00002468035734,113,141,115,9
663,173.00002468035734,109,140,114,10
663,174.00002468035734,110,147,115,11
663,175.00002468035734,108,146,113,10
663,176.00002468035734,100,137,106,9
663,177.00002468035734,97,136,108,12
663,178.00002468035734,96,135,112,10
663,179.00002468035734,103,146,123,13
663,180.00002468035734,105,150,123,13
663,181.00002468035734,110,150,128,14
663,182.00002468035734,134,169,147,18
663,183.00002468035734,148,181,166,23
663,184.00002468035734,142,175,156,19
663,185.00002468035734,145,175,158,19
663,186.00002468035734,145,176,155,18
663,187.00002468035734,148,181,160,20
663,188.00002468035734,167,190,176,24
663,189.00002468035734,169,190,173,23
663,190.00002468035734,157,183,160,21
663,191.00002468035734,158,181,158,20
663,192.00002468035734,169,187,165,25
663,193.00002468035734,178,193,181,29
663,194.00002468035734,190,202,194,35
663,195.00002468035734,179,194,179,30
663,196.00002468035734,173,189,166,26
663,197.00002468035734,178,192,175,29
663,198.00002468035734,180,198,179,31
663,199.00002468035734,152,176,158,22
663,200.00002468035734,135,165,140,17
663,201.00002468035734,125,150,127,13
663,202.00002468035734,120,145,113,11
663,203.00002468035734,117,144,113,10
663,204.00002468035734,111,143,113,10
663,205.00002468035734,106,142,110,10
663,206.00002468035734,100,138,110,9
663,207.00002468035734,99,135,107,9
663,208.00002468035734,97,131,105,9
663,209.00002468035734,94,126,103,9
663,210.00002468035734,94,131,104,10
663,211.00002468035734,88,130,107,11
663,212.00002468035734,90,134,107,10
663,213.00002468035734,84,126,102,9
663,214.00002468035734,84,127,101,10
663,215.00002468035734,75,120,95,8
663,216.00002468035734,78,118,94,9
663,217.00002468035734,77,119,97,10
663,218.00002468035734,75,119,99,8
663,219.00002468035734,72,117,95,10
663,220.00002468035734,71,114,96,9
663,221.00002468035734,70,115,94,9
663,222.00002468035734,72,117,96,8
663,223.00002468035734,70,116,94,8
663,224.00002468035734,70,116,87,8
663,225.00002468035734,74,116,99,8
663,226.00002468035734,71,117,92,8
663,227.00002468035734,75,118,99,8
663,228.00002468035734,76,121,99,8
663,229.00002468035734,74,121,94,9
663,230.00002468035734,71,120,95,9
663,231.00002468035734,73,120,94,8
663,232.00002468035734,72,118,96,9
663,233.00002468035734,69,115,93,10
663,234.00002468035734,74,118,99,10
663,235.00002468035734,72,118,97,10
663,236.00002468035734,68,115,97,9
663,237.00002468035734,69,116,93,8
663,238.00002468035734,69,115,88,8
663,239.00002468035734,68,118,95,9
663,240.00002468035734,71,117,95,8
663,241.00002468035734,71,119,95,8
663,242.00002468035734,73,121,103,9
663,243.00002468035734,74,119,101,9
663,244.00002468035734,75,119,96,8
663,245.00002468035734,75,112,88,9
663,246.00002468035734,71,115,91,8
663,247.00002468035734,75,119,101,9
663,248.00002468035734,72,120,96,8
663,249.00002468035734,74,122,99,8
663,250.00002468035734,73,123,101,7
663,251.00002468035734,74,122,97,9
663,252.00002468035734,79,125,100,9
663,253.00002468035734,78,126,101,9
663,254.00002468035734,83,129,99,9
663,255.00002468035734,81,127,102,9
663,256.00002468035734,88,129,96,9
663,257.00002468035734,88,131,102,9
663,258.00002468035734,92,135,109,10
663,259.00002468035734,96,138,110,10
663,260.00002468035734,91,137,104,9
663,261.00002468035734,97,137,110,9
663,262.00002468035734,100,140,113,11
663,263.00002468035734,107,148,119,11
663,264.00002468035734,113,162,142,14
663,265.00002468035734,159,199,194,29
663,266.00002468035734,145,190,176,25
663,267.00002468035734,116,156,137,15
663,268.00002468035734,106,145,115,10
663,269.00002468035734,106,143,118,12
663,270.00002468035734,114,149,130,12
663,271.00002468035734,115,149,127,12
663,272.00002468035734,113,147,119,10
663,273.00002468035734,110,145,119,12
663,274.00002468035734,107,143,118,11
663,275.00002468035734,110,144,120,10
663,276.00002468035734,202,195,206,51
663,277.00002468035734,229,229,233,121
663,278.00002468035734,245,253,251,175
663,279.00002468035734,236,246,242,129
663,280.00002468035734,225,234,229,91
663,281.00002468035734,188,208,195,39
663,282.00002468035734,97,132,108,14
663,283.00002468035734,87,121,99,12
663,284.00002468035734,90,123,100,11
663,285.00002468035734,92,125,101,10
663,286.00002468035734,99,133,109,10
663,287.00002468035734,98,136,110,9
663,288.00002468035734,92,129,103,11
663,289.00002468035734,83,120,97,10
663,290.00002468035734,80,118,99,8
663,291.00002468035734,79,117,96,8
663,292.00002468035734,75,116,93,7
663,293.00002468035734,81,118,95,8
663,294.00002468035734,83,119,96,10
663,295.00002468035734,87,128,110,13
663,296.00002468035734,82,128,104,13
663,297.00002468035734,70,113,96,9
663,298.00002468035734,69,106,91,8
663,299.00002468035734,69,106,89,7
663,300.00002468035734,68,110,88,8
932,0.0,116,98,83,80
932,1.4527805376474134e-05,116,98,83,80
932,1.0000145278053765,118,100,87,80
932,2.0000145278053765,114,99,87,80
932,3.0000145278053765,117,106,90,86
932,4.0000145278053765,112,101,84,88
932,5.0000145278053765,111,96,83,87
932,6.0000145278053765,116,110,90,86
932,7.0000145278053765,113,104,87,87
932,8.000014527805376,119,104,87,90
932,9.000014527805376,125,118,92,94
932,10.000014527805376,115,109,84,93
932,11.000014527805376,113,102,86,91
932,12.000014527805376,118,108,92,93
932,13.000014527805376,122,113,90,94
932,14.000014527805376,123,117,92,100
932,15.000014527805376,124,113,95,97
932,16.000014527805376,146,131,108,99
932,17.000014527805376,149,132,107,105
932,18.000014527805376,131,117,93,97
932,19.000014527805376,138,119,103,101
932,20.000014527805376,138,127,104,105
932,21.000014527805376,137,122,107,104
932,22.000014527805376,136,125,109,104
932,23.000014527805376,136,121,104,105
932,24.000014527805376,151,137,110,114
932,25.000014527805376,145,138,118,114
932,26.000014527805376,158,145,125,120
932,27.000014527805376,172,166,136,129
932,28.000014527805376,175,169,139,132
932,29.000014527805376,172,163,135,128
932,30.000014527805376,164,154,128,127
932,31.000014527805376,161,146,125,117
932,32.00001452780538,166,152,134,116
932,33.00001452780538,176,175,141,129
932,34.00001452780538,161,152,128,116
932,35.00001452780538,149,139,115,107
932,36.00001452780538,141,134,111,93
932,37.00001452780538,137,121,108,92
932,38.00001452780538,139,129,115,89
932,39.00001452780538,128,122,113,79
932,40.00001452780538,107,101,90,69
932,41.00001452780538,101,95,88,66
932,42.00001452780538,120,114,97,74
932,43.00001452780538,137,127,114,93
932,44.00001452780538,151,140,126,97
932,45.00001452780538,154,146,124,102
932,46.00001452780538,150,138,117,101
932,47.00001452780538,144,130,115,94
932,48.00001452780538,128,116,99,90
932,49.00001452780538,127,114,97,86
932,50.00001452780538,130,119,101,92
932,51.00001452780538,156,146,130,107
932,52.00001452780538,187,171,147,118
932,53.00001452780538,191,178,154,133
932,54.00001452780538,191,192,168,173
932,55.00001452780538,211,208,194,192
932,56.00001452780538,223,221,210,209
932,57.00001452780538,228,226,213,220
932,58.00001452780538,222,222,209,219
932,59.00001452780538,207,208,191,207
932,60.00001452780538,176,183,154,187
932,61.00001452780538,149,165,135,153
932,62.00001452780538,172,163,156,96
932,63.00001452780538,207,207,197,133
932,64.00001452780538,212,210,201,154
932,65.00001452780538,216,215,204,176
932,66.00001452780538,220,219,209,193
932,67.00001452780538,219,219,206,196
932,68.00001452780538,217,214,204,188
932,69.00001452780538,221,219,208,193
932,70.00001452780538,220,218,207,192
932,71.00001452780538,219,217,206,189
932,72.00001452780538,220,218,208,192
932,73.00001452780538,221,219,208,194
932,74.00001452780538,221,220,208,196
932,75.00001452780538,222,220,209,199
932,76.00001452780538,222,220,210,199
932,77.00001452780538,222,220,209,199
932,78.00001452780538,222,220,210,200
932,79.00001452780538,222,220,209,198
932,80.00001452780538,222,219,208,195
932,81.00001452780538,222,219,208,194
932,82.00001452780538,221,219,208,194
932,83.00001452780538,221,219,208,194
932,84.00001452780538,221,219,209,196
932,85.00001452780538,221,220,209,196
932,86.00001452780538,221,220,209,197
932,87.00001452780538,220,219,208,198
932,88.00001452780538,221,219,208,196
932,89.00001452780538,222,220,209,197
932,90.00001452780538,221,219,208,192
932,91.00001452780538,220,218,208,195
932,92.00001452780538,220,218,207,195
932,93.00001452780538,219,219,208,193
932,94.00001452780538,220,218,208,196
932,95.00001452780538,219,217,206,194
932,96.00001452780538,220,218,206,190
932,97.00001452780538,219,217,206,189
932,98.00001452780538,219,217,205,189
932,99.00001452780538,220,216,205,188
932,100.00001452780538,219,218,206,192
932,101.00001452780538,220,217,205,192
932,102.00001452780538,219,216,204,193
932,103.00001452780538,217,215,202,186
932,104.00001452780538,209,207,191,159
932,105.00001452780538,203,198,176,133
932,106.00001452780538,202,196,174,124
932,107.00001452780538,197,191,166,113
932,108.00001452780538,198,190,169,113
932,109.00001452780538,204,199,182,129
932,110.00001452780538,209,207,189,150
932,111.00001452780538,207,204,185,133
932,112.00001452780538,205,203,182,120
932,113.00001452780538,200,193,168,76
932,114.00001452780538,179,178,150,37
932,115.00001452780538,175,177,146,30
932,116.00001452780538,172,180,142,22
932,117.00001452780538,161,166,135,17
932,118.00001452780538,158,167,131,16
932,119.00001452780538,155,165,131,15
932,120.00001452780538,149,166,128,15
932,121.00001452780538,153,163,126,13
932,122.00001452780538,157,167,129,14
932,123.00001452780538,167,172,136,16
932,124.00001452780538,173,175,144,18
932,125.00001452780538,177,182,158,22
932,126.00001452780538,175,187,165,25
932,127.00001452780538,178,187,166,28
932,128.00001452780538,169,180,155,23
932,129.00001452780538,161,168,139,19
932,130.00001452780538,167,168,138,19
932,131.00001452780538,172,175,144,20
932,132.00001452780538,175,176,142,24
932,133.00001452780538,176,175,141,24
932,134.00001452780538,176,176,146,26
932,135.00001452780538,180,180,150,28
932,136.00001452780538,178,182,155,29
932,137.00001452780538,181,185,158,26
932,138.00001452780538,180,185,169,31
932,139.00001452780538,194,197,191,41
932,140.00001452780538,207,213,207,67
932,141.00001452780538,199,205,201,58
932,142.00001452780538,203,208,205,65
932,143.00001452780538,212,218,210,85
932,144.00001452780538,197,203,192,50
932,145.00001452780538,196,200,188,47
932,146.00001452780538,200,202,191,46
932,147.00001452780538,198,201,188,47
932,148.00001452780538,199,201,190,49
932,149.00001452780538,222,221,215,111
932,150.00001452780538,197,197,182,67
932,151.00001452780538,165,176,146,40
932,152.00001452780538,114,135,110,13
932,153.00001452780538,110,140,115,12
932,154.00001452780538,100,136,106,9
932,155.00001452780538,97,130,105,9
932,156.00001452780538,109,135,107,8
932,157.00001452780538,107,136,107,9
932,158.00001452780538,105,138,109,9
932,159.00001452780538,116,143,109,12
932,160.00001452780538,115,143,112,10
932,161.00001452780538,114,151,122,11
932,162.00001452780538,114,149,119,13
932,163.00001452780538,106,143,114,12
932,164.00001452780538,94,133,102,10
932,165.00001452780538,95,131,106,10
932,166.00001452780538,101,137,111,12
932,167.00001452780538,95,135,109,10
932,168.00001452780538,90,129,103,9
932,169.00001452780538,90,129,103,10
932,170.00001452780538,90,132,101,9
932,171.00001452780538,87,126,98,8
932,172.00001452780538,93,129,102,9
932,173.00001452780538,96,138,109,9
932,174.00001452780538,106,143,115,12
932,175.00001452780538,103,145,116,12
932,176.00001452780538,96,136,107,10
932,177.00001452780538,97,134,110,11
932,178.00001452780538,92,137,110,10
932,179.00001452780538,93,130,101,10
932,180.00001452780538,98,136,111,10
932,181.00001452780538,99,138,110,9
932,182.00001452780538,92,130,102,10
932,183.00001452780538,99,131,106,11
932,184.00001452780538,100,132,106,11
932,185.00001452780538,105,145,116,11
932,186.00001452780538,124,157,137,16
932,187.00001452780538,144,176,167,26
932,188.00001452780538,181,200,193,45
932,189.00001452780538,193,206,202,63
932,190.00001452780538,200,208,204,68
932,191.00001452780538,207,213,209,81
932,192.00001452780538,206,212,208,75
932,193.00001452780538,206,212,209,77
932,194.00001452780538,226,228,228,125
932,195.00001452780538,225,234,229,135
932,196.00001452780538,221,229,224,118
932,197.00001452780538,214,221,219,93
932,198.00001452780538,209,217,212,78
932,199.00001452780538,209,216,213,78
932,200.00001452780538,215,224,218,100
932,201.00001452780538,215,217,211,87
932,202.00001452780538,207,214,209,72
932,203.00001452780538,217,225,219,107
932,204.00001452780538,204,211,204,64
932,205.00001452780538,197,205,195,47
932,206.00001452780538,172,188,166,25
932,207.00001452780538,152,170,142,19
932,208.00001452780538,145,166,139,17
932,209.00001452780538,139,162,139,14
932,210.00001452780538,147,176,162,21
932,211.00001452780538,169,190,182,29
932,212.00001452780538,199,209,206,59
932,213.00001452780538,210,217,213,96
932,214.00001452780538,209,217,214,95
932,215.00001452780538,204,213,207,85
932,216.00001452780538,149,181,168,29
932,217.00001452780538,132,170,156,20
932,218.00001452780538,130,166,151,17
932,219.00001452780538,123,161,143,15
932,220.00001452780538,116,146,122,10
932,221.00001452780538,116,148,124,11
932,222.00001452780538,115,145,114,11
932,223.00001452780538,109,142,116,11
932,224.00001452780538,99,134,111,9
932,225.00001452780538,83,127,103,9
932,226.00001452780538,87,123,104,6
932,227.00001452780538,83,120,100,8
932,228.00001452780538,83,118,92,8
932,229.00001452780538,84,115,94,8
932,230.00001452780538,75,115,94,8
932,231.00001452780538,82,113,90,9
932,232.00001452780538,81,115,94,9
932,233.00001452780538,87,118,93,10
932,234.00001452780538,83,117,95,8
932,235.00001452780538,82,119,96,9
932,236.00001452780538,87,122,104,9
932,237.00001452780538,88,125,102,10
932,238.00001452780538,87,123,100,10
932,239.00001452780538,78,112,92,9
932,240.00001452780538,77,107,89,7
932,241.00001452780538,75,108,86,9
932,242.00001452780538,80,108,90,8
932,243.00001452780538,78,108,90,8
932,244.00001452780538,78,111,91,9
932,245.00001452780538,84,112,90,7
932,246.00001452780538,76,111,88,9
932,247.00001452780538,79,111,87,8
932,248.00001452780538,80,111,89,7
932,249.00001452780538,83,110,88,8
932,250.00001452780538,82,111,89,8
932,251.00001452780538,91,113,89,9
932,252.00001452780538,84,109,85,9
932,253.00001452780538,89,111,85,9
932,254.00001452780538,89,116,89,9
932,255.00001452780538,92,110,89,10
932,256.0000145278054,84,111,88,10
932,257.0000145278054,90,117,93,10
932,258.0000145278054,91,118,96,10
932,259.0000145278054,96,120,101,12
932,260.0000145278054,94,120,92,11
932,261.0000145278054,88,109,85,9
932,262.0000145278054,87,109,87,9
932,263.0000145278054,88,113,92,9
932,264.0000145278054,94,116,95,11
932,265.0000145278054,92,118,98,11
932,266.0000145278054,99,125,103,12
932,267.0000145278054,92,118,101,12
932,268.0000145278054,98,130,117,15
932,269.0000145278054,109,133,117,17
932,270.0000145278054,92,115,96,11
932,271.0000145278054,88,110,90,9
932,272.0000145278054,80,106,87,7
932,273.0000145278054,83,106,83,8
932,274.0000145278054,82,106,83,7
932,275.0000145278054,82,107,85,9
932,276.0000145278054,83,108,84,8
932,277.0000145278054,84,108,86,9
932,278.0000145278054,88,114,93,10
932,279.0000145278054,91,114,90,9
932,280.0000145278054,95,112,87,9
932,281.0000145278054,87,109,88,9
932,282.0000145278054,90,118,95,10
932,283.0000145278054,96,120,98,10
932,284.0000145278054,91,117,93,9
932,285.0000145278054,95,116,90,9
932,286.0000145278054,93,114,88,10
932,287.0000145278054,98,118,95,10
932,288.0000145278054,117,154,170,22
932,289.0000145278054,200,205,209,55
932,290.0000145278054,225,228,225,122
932,291.0000145278054,218,222,217,102
932,292.0000145278054,211,217,211,84
932,293.0000145278054,160,189,179,44
932,294.0000145278054,163,178,170,33
932,295.0000145278054,142,163,147,27
932,296.0000145278054,98,119,99,13
932,297.0000145278054,102,118,98,12
932,298.0000145278054,108,127,110,14
932,299.0000145278054,111,132,114,15
932,300.0000145278054,104,125,102,12
1075,0.0,119,98,85,90
1075,0.9999717864737931,124,100,90,94
1075,1.9999717864737931,120,101,86,94
1075,2.999971786473793,114,99,83,90
1075,3.999971786473793,110,89,76,90
1075,4.999971786473793,104,94,74,89
1075,5.999971786473793,102,87,71,84
1075,6.999971786473793,102,85,68,81
1075,7.999971786473793,108,96,80,87
1075,8.999971786473793,106,94,76,90
1075,9.999971786473793,118,101,85,99
1075,10.999971786473793,130,111,85,102
1075,11.999971786473793,110,94,76,93
1075,12.999971786473793,110,103,82,95
1075,13.999971786473793,108,97,76,93
1075,14.999971786473793,110,93,77,95
1075,15.999971786473793,112,102,85,101
1075,16.999971786473793,118,97,83,95
1075,17.999971786473793,123,103,84,95
1075,18.999971786473793,135,111,96,99
1075,19.999971786473793,160,149,118,116
1075,20.999971786473793,160,147,125,121
1075,21.999971786473793,138,146,103,141
1075,22.999971786473793,135,127,100,124
1075,23.999971786473793,149,144,111,129
1075,24.999971786473793,147,131,106,110
1075,25.999971786473793,122,105,88,88
1075,26.999971786473793,115,101,80,88
1075,27.999971786473793,125,108,88,93
1075,28.999971786473793,118,102,84,94
1075,29.999971786473793,114,107,83,93
1075,30.999971786473793,124,113,88,100
1075,31.999971786473793,131,119,99,99
1075,32.99997178647379,131,118,96,97
1075,33.99997178647379,135,124,99,102
1075,34.99997178647379,117,111,87,96
1075,35.99997178647379,124,115,92,102
1075,36.99997178647379,135,125,99,104
1075,37.99997178647379,123,104,85,98
1075,38.99997178647379,125,115,90,99
1075,39.99997178647379,124,109,85,101
1075,40.99997178647379,129,113,91,101
1075,41.99997178647379,135,118,100,104
1075,42.99997178647379,148,131,108,109
1075,43.99997178647379,148,134,104,117
1075,44.99997178647379,144,137,102,117
1075,45.99997178647379,168,146,127,114
1075,46.99997178647379,159,143,116,119
1075,47.99997178647379,164,156,127,128
1075,48.99997178647379,201,198,182,160
1075,49.99997178647379,200,200,180,185
1075,50.99997178647379,208,205,192,200
1075,51.99997178647379,210,210,197,215
1075,52.99997178647379,210,211,197,224
1075,53.99997178647379,210,211,199,224
1075,54.99997178647379,225,223,213,225
1075,55.99997178647379,222,223,211,209
1075,56.99997178647379,214,214,203,188
1075,57.99997178647379,196,193,179,140
1075,58.99997178647379,203,200,188,123
1075,59.99997178647379,203,202,191,129
1075,60.99997178647379,205,204,194,138
1075,61.99997178647379,206,205,196,139
1075,62.99997178647379,211,209,200,153
1075,63.99997178647379,214,212,203,171
1075,64.9999717864738,214,213,203,175
1075,65.9999717864738,214,213,203,176
1075,66.9999717864738,215,215,205,183
1075,67.9999717864738,216,215,205,186
1075,68.9999717864738,217,216,206,187
1075,69.9999717864738,217,216,206,191
1075,70.9999717864738,219,216,206,190
1075,71.9999717864738,217,216,206,188
1075,72.9999717864738,218,217,207,193
1075,73.9999717864738,218,218,207,191
1075,74.9999717864738,219,218,207,193
1075,75.9999717864738,218,217,207,191
1075,76.9999717864738,218,217,206,192
1075,77.9999717864738,218,218,207,193
1075,78.9999717864738,218,218,208,195
1075,79.9999717864738,219,218,208,195
1075,80.9999717864738,221,219,208,198
1075,81.9999717864738,219,217,207,193
1075,82.9999717864738,219,218,208,195
1075,83.9999717864738,220,219,208,197
1075,84.9999717864738,220,218,208,198
1075,85.9999717864738,220,219,208,198
1075,86.9999717864738,220,219,209,199
1075,87.9999717864738,219,218,208,197
1075,88.9999717864738,217,216,205,189
1075,89.9999717864738,217,216,206,189
1075,90.9999717864738,218,216,206,191
1075,91.9999717864738,219,217,207,193
1075,92.9999717864738,219,217,206,195
1075,93.9999717864738,218,216,206,189
1075,94.9999717864738,218,216,205,190
1075,95.9999717864738,217,216,205,190
1075,96.9999717864738,217,217,204,189
1075,97.9999717864738,216,214,204,186
1075,98.9999717864738,216,216,204,187
1075,99.9999717864738,216,215,204,183
1075,100.9999717864738,210,208,194,162
1075,101.9999717864738,207,203,187,151
1075,102.9999717864738,204,201,180,134
1075,103.9999717864738,195,191,162,115
1075,104.9999717864738,191,182,151,107
1075,105.9999717864738,184,172,138,96
1075,106.9999717864738,182,168,136,93
1075,107.9999717864738,180,167,135,90
1075,108.9999717864738,173,157,124,86
1075,109.9999717864738,171,152,124,82
1075,110.9999717864738,171,151,117,79
1075,111.9999717864738,167,150,117,75
1075,112.9999717864738,178,157,130,72
1075,113.9999717864738,180,175,150,65
1075,114.9999717864738,171,165,140,50
1075,115.9999717864738,174,169,136,43
1075,116.9999717864738,172,164,131,43
1075,117.9999717864738,170,161,129,40
1075,118.9999717864738,168,162,127,36
1075,119.9999717864738,167,161,127,30
1075,120.9999717864738,156,154,117,22
1075,121.9999717864738,151,153,111,19
1075,122.9999717864738,149,151,116,18
1075,123.9999717864738,148,154,114,18
1075,124.9999717864738,153,158,122,20
1075,125.9999717864738,155,163,128,21
1075,126.9999717864738,184,189,177,35
1075,127.9999717864738,195,202,194,44
1075,128.9999717864738,184,188,176,39
1075,129.9999717864738,161,166,137,24
1075,130.9999717864738,147,149,115,16
1075,131.9999717864738,144,151,117,14
1075,132.9999717864738,135,144,109,15
1075,133.9999717864738,137,144,107,15
1075,134.9999717864738,140,144,111,13
1075,135.9999717864738,141,152,115,14
1075,136.9999717864738,128,140,106,14
1075,137.9999717864738,135,143,107,12
1075,138.9999717864738,130,138,102,12
1075,139.9999717864738,128,140,105,13
1075,140.9999717864738,146,147,117,15
1075,141.9999717864738,126,140,106,13
1075,142.9999717864738,127,142,108,13
1075,143.9999717864738,128,148,115,15
1075,144.9999717864738,139,158,126,19
1075,145.9999717864738,142,158,133,19
1075,146.9999717864738,141,159,133,20
1075,147.9999717864738,166,180,162,26
1075,148.9999717864738,213,215,212,77
1075,149.9999717864738,213,222,216,94
1075,150.9999717864738,206,213,210,76
1075,151.9999717864738,202,206,199,57
1075,152.9999717864738,192,197,187,43
1075,153.9999717864738,171,179,158,28
1075,154.9999717864738,186,194,184,44
1075,155.9999717864738,199,202,192,55
1075,156.9999717864738,189,195,185,46
1075,157.9999717864738,140,161,133,28
1075,158.9999717864738,113,131,100,15
1075,159.9999717864738,106,130,93,11
1075,160.9999717864738,112,132,98,11
1075,161.9999717864738,113,132,95,10
1075,162.9999717864738,109,133,97,10
1075,163.9999717864738,110,131,97,11
1075,164.9999717864738,106,132,99,11
1075,165.9999717864738,108,136,99,9
1075,166.9999717864738,111,135,103,8
1075,167.9999717864738,106,134,106,10
1075,168.9999717864738,109,137,105,13
1075,169.9999717864738,111,143,109,13
1075,170.9999717864738,118,145,113,16
1075,171.9999717864738,125,154,127,17
1075,172.9999717864738,97,129,100,12
1075,173.9999717864738,95,126,96,12
1075,174.9999717864738,102,131,101,10
1075,175.9999717864738,102,132,102,11
1075,176.9999717864738,99,127,98,10
1075,177.9999717864738,97,127,95,11
1075,178.9999717864738,95,126,96,10
1075,179.9999717864738,100,127,99,10
1075,180.9999717864738,109,143,114,12
1075,181.9999717864738,139,169,142,19
1075,182.9999717864738,151,180,157,25
1075,183.9999717864738,171,188,179,35
1075,184.9999717864738,179,196,187,39
1075,185.9999717864738,166,191,180,38
1075,186.9999717864738,154,180,167,30
1075,187.9999717864738,155,176,161,27
1075,188.9999717864738,161,183,165,30
1075,189.9999717864738,174,191,181,34
1075,190.9999717864738,159,178,160,31
1075,191.9999717864738,156,180,155,26
1075,192.9999717864738,153,177,153,26
1075,193.9999717864738,148,172,151,24
1075,194.9999717864738,145,169,145,22
1075,195.9999717864738,139,157,128,18
1075,196.9999717864738,142,162,128,17
1075,197.9999717864738,149,168,144,20
1075,198.9999717864738,146,162,136,20
1075,199.9999717864738,124,140,116,14
1075,200.9999717864738,127,145,112,14
1075,201.9999717864738,138,158,129,15
1075,202.9999717864738,121,145,110,13
1075,203.9999717864738,114,137,103,12
1075,204.9999717864738,108,134,95,10
1075,205.9999717864738,103,128,100,10
1075,206.9999717864738,103,128,100,9
1075,207.9999717864738,103,124,94,11
1075,208.9999717864738,97,115,91,10
1075,209.9999717864738,97,118,89,10
1075,210.9999717864738,97,114,88,10
1075,211.9999717864738,94,117,90,9
1075,212.9999717864738,99,116,83,10
1075,213.9999717864738,100,121,87,11
1075,214.9999717864738,94,120,96,11
1075,215.9999717864738,90,118,88,11
1075,216.9999717864738,81,108,80,8
1075,217.9999717864738,87,113,79,12
1075,218.9999717864738,96,127,101,14
1075,219.9999717864738,81,112,85,11
1075,220.9999717864738,73,100,72,8
1075,221.9999717864738,70,96,76,8
1075,222.9999717864738,73,92,71,8
1075,223.9999717864738,74,98,73,7
1075,224.9999717864738,75,97,74,7
1075,225.9999717864738,74,96,74,8
1075,226.9999717864738,77,103,76,9
1075,227.9999717864738,82,107,80,9
1075,228.9999717864738,83,109,80,11
1075,229.9999717864738,73,96,72,9
1075,230.9999717864738,68,95,70,7
1075,231.9999717864738,68,94,71,10
1075,232.9999717864738,76,98,78,9
1075,233.9999717864738,76,101,80,9
1075,234.9999717864738,83,111,88,11
1075,235.9999717864738,75,101,75,10
1075,236.9999717864738,72,94,72,8
1075,237.9999717864738,70,87,69,9
1075,238.9999717864738,71,92,72,9
1075,239.9999717864738,69,91,74,7
1075,240.9999717864738,73,97,75,8
1075,241.9999717864738,80,99,73,9
1075,242.9999717864738,76,100,76,8
1075,243.9999717864738,73,97,76,8
1075,244.9999717864738,79,102,79,9
1075,245.9999717864738,74,98,77,10
1075,246.9999717864738,71,93,68,7
1075,247.9999717864738,71,89,70,7
1075,248.9999717864738,71,89,68,7
1075,249.9999717864738,72,91,71,9
1075,250.9999717864738,74,97,78,9
1075,251.9999717864738,72,94,75,9
1075,252.9999717864738,63,93,72,9
1075,253.9999717864738,83,105,83,10
1075,254.9999717864738,79,109,80,11
1075,255.9999717864738,72,97,72,9
1075,256.9999717864738,70,93,73,9
1075,257.9999717864738,77,95,75,10
1075,258.9999717864738,79,101,76,9
1075,259.9999717864738,83,100,77,9
1075,260.9999717864738,78,100,79,10
1075,261.9999717864738,85,107,85,10
1075,262.9999717864738,82,110,81,12
1075,263.9999717864738,79,100,77,9
1075,264.9999717864738,72,94,72,7
1075,265.9999717864738,73,94,71,8
1075,266.9999717864738,70,96,73,8
1075,267.9999717864738,73,94,71,8
1075,268.9999717864738,73,96,70,9
1075,269.9999717864738,72,97,71,8
1075,270.9999717864738,69,93,69,9
1075,271.9999717864738,75,101,76,10
1075,272.9999717864738,75,99,75,8
1075,273.9999717864738,81,103,78,9
1075,274.9999717864738,82,105,80,9
1075,275.9999717864738,80,103,75,8
1075,276.9999717864738,64,98,72,7
1075,277.9999717864738,67,94,70,9
1075,278.9999717864738,76,97,70,8
1075,279.9999717864738,71,95,72,9
1075,280.9999717864738,79,102,77,8
1075,281.9999717864738,74,101,78,9
1075,282.9999717864738,76,100,75,7
1075,283.9999717864738,74,100,77,9
1075,284.9999717864738,74,100,77,8
1075,285.9999717864738,66,96,70,8
1075,286.9999717864738,67,88,69,7
1075,287.9999717864738,70,89,74,8
1075,288.9999717864738,67,100,75,9
1075,289.9999717864738,69,99,76,8
1075,290.9999717864738,73,99,73,9
1075,291.9999717864738,75,101,81,7
1075,292.9999717864738,74,105,80,9
1075,293.9999717864738,79,109,83,10
1075,294.9999717864738,100,126,98,14
1075,295.9999717864738,73,99,73,10
1075,296.9999717864738,73,93,74,7
1075,297.9999717864738,73,93,68,8
1075,298.9999717864738,67,93,71,9
1075,299.9999717864738,73,94,74,8
1138,0.0,106,90,81,90
1138,1.251896389931062e-05,106,90,81,90
1138,1.0000125189638993,111,103,77,91
1138,2.0000125189638993,154,139,113,103
1138,3.0000125189638993,154,146,112,105
1138,4.000012518963899,113,103,82,94
1138,5.000012518963899,122,106,84,90
1138,6.000012518963899,121,112,84,93
1138,7.000012518963899,135,120,95,97
1138,8.0000125189639,125,112,93,87
1138,9.0000125189639,119,112,90,86
1138,10.0000125189639,95,78,73,72
1138,11.0000125189639,106,89,80,77
1138,12.0000125189639,106,91,90,77
1138,13.0000125189639,159,140,117,106
1138,14.0000125189639,113,93,77,97
1138,15.0000125189639,106,81,74,88
1138,16.0000125189639,107,86,71,89
1138,17.0000125189639,99,84,70,89
1138,18.0000125189639,104,84,74,89
1138,19.0000125189639,102,86,71,87
1138,20.0000125189639,104,91,75,88
1138,21.0000125189639,107,85,72,86
1138,22.0000125189639,110,90,76,86
1138,23.0000125189639,110,91,74,88
1138,24.0000125189639,110,86,73,88
1138,25.0000125189639,118,104,83,91
1138,26.0000125189639,120,111,84,97
1138,27.0000125189639,122,112,87,100
1138,28.0000125189639,125,122,98,105
1138,29.0000125189639,134,126,105,110
1138,30.0000125189639,139,123,102,107
1138,31.0000125189639,143,129,104,109
1138,32.0000125189639,168,153,129,126
1138,33.0000125189639,183,181,141,135
1138,34.0000125189639,163,144,125,130
1138,35.0000125189639,166,156,124,136
1138,36.0000125189639,152,139,112,132
1138,37.0000125189639,179,170,131,143
1138,38.0000125189639,195,189,171,179
1138,39.0000125189639,209,207,195,198
1138,40.0000125189639,217,215,203,209
1138,41.0000125189639,209,209,198,204
1138,42.0000125189639,218,215,205,208
1138,43.0000125189639,228,227,215,221
1138,44.0000125189639,229,228,217,223
1138,45.0000125189639,229,228,217,224
1138,46.0000125189639,219,219,208,205
1138,47.0000125189639,216,215,205,190
1138,48.0000125189639,215,214,204,186
1138,49.0000125189639,200,202,187,163
1138,50.0000125189639,182,182,162,131
1138,51.0000125189639,196,192,180,125
1138,52.0000125189639,204,203,194,135
1138,53.0000125189639,208,207,197,147
1138,54.0000125189639,210,209,199,154
1138,55.0000125189639,210,209,200,159
1138,56.0000125189639,210,209,200,160
1138,57.0000125189639,209,209,199,157
1138,58.0000125189639,210,209,199,154
1138,59.0000125189639,211,209,201,158
1138,60.0000125189639,211,210,201,161
1138,61.0000125189639,211,211,201,164
1138,62.0000125189639,210,209,199,155
1138,63.0000125189639,207,207,197,149
1138,64.0000125189639,206,203,194,145
1138,65.0000125189639,220,218,207,191
1138,66.0000125189639,220,219,207,198
1138,67.0000125189639,213,212,202,181
1138,68.0000125189639,215,214,204,177
1138,69.0000125189639,217,215,205,188
1138,70.0000125189639,216,216,206,188
1138,71.0000125189639,217,216,206,191
1138,72.0000125189639,218,216,206,192
1138,73.0000125189639,215,214,203,186
1138,74.0000125189639,215,214,204,185
1138,75.0000125189639,216,215,205,187
1138,76.0000125189639,217,216,206,187
1138,77.0000125189639,217,216,206,187
1138,78.0000125189639,217,216,206,187
1138,79.0000125189639,218,217,207,191
1138,80.0000125189639,218,217,206,190
1138,81.0000125189639,216,215,205,187
1138,82.0000125189639,218,217,207,190
1138,83.0000125189639,217,217,207,190
1138,84.0000125189639,218,217,207,192
1138,85.0000125189639,218,217,206,196
1138,86.0000125189639,217,216,206,193
1138,87.0000125189639,217,216,205,188
1138,88.0000125189639,216,216,205,191
1138,89.0000125189639,217,215,204,189
1138,90.0000125189639,216,215,204,182
1138,91.0000125189639,215,213,203,182
1138,92.0000125189639,215,213,203,181
1138,93.0000125189639,214,213,202,177
1138,94.0000125189639,213,212,201,176
1138,95.0000125189639,213,212,200,174
1138,96.0000125189639,214,212,202,175
1138,97.0000125189639,214,212,201,177
1138,98.0000125189639,212,210,198,170
1138,99.0000125189639,206,203,188,151
1138,100.0000125189639,202,199,181,134
1138,101.0000125189639,200,197,178,125
1138,102.0000125189639,193,188,164,110
1138,103.0000125189639,190,180,152,100
1138,104.0000125189639,187,176,148,95
1138,105.0000125189639,180,168,140,88
1138,106.0000125189639,178,161,133,88
1138,107.0000125189639,175,158,128,84
1138,108.0000125189639,164,144,117,77
1138,109.0000125189639,163,148,114,75
1138,110.0000125189639,172,163,141,74
1138,111.0000125189639,173,172,147,47
1138,112.0000125189639,149,151,120,23
1138,113.0000125189639,142,146,114,22
1138,114.0000125189639,138,142,107,15
1138,115.0000125189639,136,138,103,16
1138,116.0000125189639,137,138,103,16
1138,117.0000125189639,138,142,105,16
1138,118.0000125189639,132,139,101,15
1138,119.0000125189639,136,140,106,14
1138,120.0000125189639,130,138,106,13
1138,121.0000125189639,129,138,104,14
1138,122.0000125189639,127,136,103,14
1138,123.0000125189639,131,140,106,14
1138,124.0000125189639,139,144,107,15
1138,125.0000125189639,137,143,110,15
1138,126.0000125189639,128,142,109,15
1138,127.0000125189639,137,148,115,15
1138,128.0000125189639,131,145,115,14
1138,129.0000125189639,138,151,113,16
1138,130.0000125189639,150,157,120,20
1138,131.0000125189639,156,165,135,22
1138,132.0000125189639,163,169,137,26
1138,133.0000125189639,167,163,129,28
1138,134.0000125189639,170,166,132,28
1138,135.0000125189639,169,168,141,32
1138,136.0000125189639,218,219,213,85
1138,137.0000125189639,207,214,209,76
1138,138.0000125189639,196,199,192,47
1138,139.0000125189639,148,157,134,22
1138,140.0000125189639,136,144,113,14
1138,141.0000125189639,142,141,108,14
1138,142.0000125189639,150,158,129,18
1138,143.0000125189639,155,164,132,20
1138,144.0000125189639,165,177,163,27
1138,145.0000125189639,142,169,134,25
1138,146.0000125189639,113,142,108,16
1138,147.0000125189639,112,133,99,12
1138,148.0000125189639,106,130,95,11
1138,149.0000125189639,107,129,96,12
1138,150.0000125189639,108,129,99,11
1138,151.0000125189639,111,134,102,13
1138,152.0000125189639,105,134,106,14
1138,153.0000125189639,114,140,111,13
1138,154.0000125189639,117,144,114,16
1138,155.0000125189639,112,139,110,14
1138,156.0000125189639,101,128,99,12
1138,157.0000125189639,109,137,108,14
1138,158.0000125189639,115,145,119,15
1138,159.0000125189639,116,140,109,14
1138,160.0000125189639,122,146,120,13
1138,161.0000125189639,133,155,126,17
1138,162.0000125189639,142,163,140,21
1138,163.0000125189639,151,174,154,27
1138,164.0000125189639,159,176,158,29
1138,165.0000125189639,159,182,167,29
1138,166.0000125189639,172,192,181,38
1138,167.0000125189639,169,186,175,38
1138,168.0000125189639,182,194,189,44
1138,169.0000125189639,194,203,197,57
1138,170.0000125189639,185,197,189,49
1138,171.0000125189639,162,187,178,38
1138,172.0000125189639,198,206,202,63
1138,173.0000125189639,207,212,209,82
1138,174.0000125189639,211,217,213,101
1138,175.0000125189639,206,213,208,91
1138,176.0000125189639,200,208,204,76
1138,177.0000125189639,202,208,203,69
1138,178.0000125189639,186,197,188,50
1138,179.0000125189639,162,181,157,38
1138,180.0000125189639,135,145,112,18
1138,181.0000125189639,174,183,181,31
1138,182.0000125189639,201,209,204,56
1138,183.0000125189639,188,201,194,55
1138,184.0000125189639,193,203,200,57
1138,185.0000125189639,201,207,205,69
1138,186.0000125189639,202,210,206,71
1138,187.0000125189639,203,210,205,71
1138,188.0000125189639,205,214,209,72
1138,189.0000125189639,211,219,215,98
1138,190.0000125189639,209,217,210,93
1138,191.0000125189639,158,187,181,44
1138,192.0000125189639,110,139,108,19
1138,193.0000125189639,99,123,96,14
1138,194.0000125189639,98,113,87,10
1138,195.0000125189639,96,120,91,11
1138,196.0000125189639,97,119,88,9
1138,197.0000125189639,99,117,83,9
1138,198.0000125189639,99,119,84,9
1138,199.0000125189639,102,121,85,9
1138,200.0000125189639,100,122,91,10
1138,201.0000125189639,102,129,100,13
1138,202.0000125189639,100,133,92,12
1138,203.0000125189639,90,118,81,10
1138,204.0000125189639,83,111,83,9
1138,205.0000125189639,82,112,81,9
1138,206.0000125189639,93,115,89,10
1138,207.0000125189639,102,122,101,11
1138,208.0000125189639,103,135,104,12
1138,209.0000125189639,84,113,86,10
1138,210.0000125189639,95,127,96,12
1138,211.0000125189639,94,125,97,12
1138,212.0000125189639,79,107,80,11
1138,213.0000125189639,81,102,83,10
1138,214.0000125189639,81,105,82,11
1138,215.0000125189639,82,110,84,9
1138,216.0000125189639,76,103,76,10
1138,217.0000125189639,75,101,74,8
1138,218.0000125189639,75,101,79,10
1138,219.0000125189639,75,104,79,9
1138,220.0000125189639,82,109,85,10
1138,221.0000125189639,92,121,92,11
1138,222.0000125189639,81,112,84,12
1138,223.0000125189639,78,111,79,10
1138,224.0000125189639,75,108,74,9
1138,225.0000125189639,73,103,80,9
1138,226.0000125189639,73,106,79,9
1138,227.0000125189639,76,109,84,10
1138,228.0000125189639,103,125,105,12
1138,229.0000125189639,104,145,114,17
1138,230.0000125189639,72,103,79,11
1138,231.0000125189639,67,98,75,8
1138,232.0000125189639,68,97,80,9
1138,233.0000125189639,76,109,85,9
1138,234.0000125189639,80,108,87,10
1138,235.0000125189639,77,108,85,9
1138,236.0000125189639,89,120,95,11
1138,237.0000125189639,81,114,85,12
1138,238.0000125189639,76,106,77,10
1138,239.0000125189639,78,105,87,11
1138,240.0000125189639,104,128,115,16
1138,241.0000125189639,100,137,112,16
1138,242.0000125189639,88,118,97,13
1138,243.0000125189639,89,120,97,12
1138,244.0000125189639,96,128,106,12
1138,245.0000125189639,100,132,101,11
1138,246.0000125189639,100,125,99,10
1138,247.0000125189639,105,125,100,11
1138,248.0000125189639,93,125,94,11
1138,249.0000125189639,95,123,99,12
1138,250.0000125189639,99,124,97,12
1138,251.0000125189639,100,129,100,13
1138,252.0000125189639,102,130,105,14
1138,253.0000125189639,107,136,111,14
1138,254.0000125189639,128,147,129,19
1138,255.0000125189639,153,173,170,32
1138,256.0000125189639,177,192,185,38
1138,257.0000125189639,180,193,182,43
1138,258.0000125189639,125,150,134,26
1138,259.0000125189639,101,121,111,20
1138,260.0000125189639,99,115,101,14
1138,261.0000125189639,103,126,111,17
1138,262.0000125189639,101,121,105,16
1138,263.0000125189639,90,109,85,12
1138,264.0000125189639,83,103,79,9
1138,265.0000125189639,81,101,78,9
1138,266.0000125189639,78,100,73,8
1138,267.0000125189639,82,103,76,10
1138,268.0000125189639,83,102,76,7
1138,269.0000125189639,80,103,72,9
1138,270.0000125189639,87,106,75,9
1138,271.0000125189639,85,106,78,10
1138,272.0000125189639,86,102,77,9
1138,273.0000125189639,90,103,74,11
1138,274.0000125189639,90,104,75,9
1138,275.0000125189639,85,106,82,10
1138,276.0000125189639,115,134,104,19
1138,277.0000125189639,128,144,114,23
1138,278.0000125189639,103,130,101,17
1138,279.0000125189639,75,95,71,11
1138,280.0000125189639,70,88,68,8
1138,281.0000125189639,73,91,68,9
1138,282.0000125189639,71,93,67,9
1138,283.0000125189639,75,91,69,8
1138,284.0000125189639,78,96,69,8
1138,285.0000125189639,74,96,69,8
1138,286.0000125189639,75,97,71,9
1138,287.0000125189639,83,104,77,10
1138,288.0000125189639,78,103,75,8
1138,289.0000125189639,81,103,74,9
1138,290.0000125189639,79,98,76,11
1138,291.0000125189639,80,100,75,11
1138,292.0000125189639,78,99,74,9
1138,293.0000125189639,74,94,69,10
1138,294.0000125189639,71,88,64,9
1138,295.0000125189639,67,88,68,9
1138,296.0000125189639,70,89,64,8
1138,297.0000125189639,69,87,67,9
1138,298.0000125189639,76,96,74,10
1138,299.0000125189639,71,91,70,10
1138,300.0000125189639,67,92,67,9
1220,0.0,155,130,111,113
1220,4.712761256087106e-05,155,130,111,113
1220,1.0000471276125609,144,125,105,109
1220,2.000047127612561,143,127,105,113
1220,3.000047127612561,134,116,98,108
1220,4.000047127612561,117,105,85,105
1220,5.000047127612561,117,106,80,105
1220,6.000047127612561,118,102,90,98
1220,7.000047127612561,126,113,93,99
1220,8.00004712761256,130,114,95,102
1220,9.00004712761256,115,101,79,95
1220,10.00004712761256,109,95,79,82
1220,11.00004712761256,115,97,84,82
1220,12.00004712761256,114,101,91,88
1220,13.00004712761256,125,108,95,92
1220,14.00004712761256,133,119,99,97
1220,15.00004712761256,124,108,89,95
1220,16.00004712761256,118,108,87,94
1220,17.00004712761256,117,105,88,88
1220,18.00004712761256,115,101,89,83
1220,19.00004712761256,105,98,82,87
1220,20.00004712761256,99,92,74,87
1220,21.00004712761256,103,98,73,93
1220,22.00004712761256,136,122,98,105
1220,23.00004712761256,149,139,108,114
1220,24.00004712761256,136,122,95,116
1220,25.00004712761256,134,115,95,99
1220,26.00004712761256,148,125,117,103
1220,27.00004712761256,148,138,107,107
1220,28.00004712761256,105,97,74,84
1220,29.00004712761256,112,102,78,94
1220,30.00004712761256,121,106,84,96
1220,31.00004712761256,130,124,92,103
1220,32.00004712761256,125,111,90,112
1220,33.00004712761256,134,138,102,138
1220,34.00004712761256,141,144,109,156
1220,35.00004712761256,183,187,157,186
1220,36.00004712761256,202,202,178,187
1220,37.00004712761256,200,199,180,180
1220,38.00004712761256,212,210,197,194
1220,39.00004712761256,188,190,162,179
1220,40.00004712761256,196,192,179,178
1220,41.00004712761256,217,216,205,196
1220,42.00004712761256,223,221,211,208
1220,43.00004712761256,227,225,215,214
1220,44.00004712761256,228,228,216,220
1220,45.00004712761256,214,214,201,200
1220,46.00004712761256,204,203,188,173
1220,47.00004712761256,193,187,173,128
1220,48.00004712761256,198,197,182,137
1220,49.00004712761256,201,200,188,139
1220,50.00004712761256,205,205,195,138
1220,51.00004712761256,202,201,191,131
1220,52.00004712761256,204,203,194,133
1220,53.00004712761256,209,208,200,148
1220,54.00004712761256,211,211,202,158
1220,55.00004712761256,212,212,202,163
1220,56.00004712761256,213,212,203,169
1220,57.00004712761256,213,212,203,167
1220,58.00004712761256,214,213,203,169
1220,59.00004712761256,216,215,206,180
1220,60.00004712761256,217,216,206,184
1220,61.00004712761256,217,216,206,184
1220,62.00004712761256,218,216,206,185
1220,63.00004712761256,217,216,205,184
1220,64.00004712761256,217,216,206,187
1220,65.00004712761256,218,216,206,186
1220,66.00004712761256,216,215,206,183
1220,67.00004712761256,217,216,206,187
1220,68.00004712761256,218,217,207,188
1220,69.00004712761256,219,218,208,192
1220,70.00004712761256,219,218,208,191
1220,71.00004712761256,220,219,208,194
1220,72.00004712761256,218,217,207,191
1220,73.00004712761256,218,217,208,189
1220,74.00004712761256,218,217,206,191
1220,75.00004712761256,218,217,205,190
1220,76.00004712761256,218,216,205,189
1220,77.00004712761256,217,216,205,187
1220,78.00004712761256,217,216,205,187
1220,79.00004712761256,217,216,205,186
1220,80.00004712761256,215,214,203,176
1220,81.00004712761256,215,215,203,176
1220,82.00004712761256,216,215,204,180
1220,83.00004712761256,216,215,204,185
1220,84.00004712761256,216,215,204,184
1220,85.00004712761256,214,212,202,180
1220,86.00004712761256,213,213,200,171
1220,87.00004712761256,210,208,195,163
1220,88.00004712761256,207,205,192,153
1220,89.00004712761256,208,207,193,150
1220,90.00004712761256,207,204,190,149
1220,91.00004712761256,206,203,187,143
1220,92.00004712761256,204,201,182,137
1220,93.00004712761256,203,199,180,133
1220,94.00004712761256,201,197,176,127
1220,95.00004712761256,200,195,169,122
1220,96.00004712761256,199,193,163,118
1220,97.00004712761256,198,193,170,119
1220,98.00004712761256,197,191,167,116
1220,99.00004712761256,198,193,167,117
1220,100.00004712761256,194,188,162,111
1220,101.00004712761256,192,184,156,104
1220,102.00004712761256,189,182,152,100
1220,103.00004712761256,182,173,140,91
1220,104.00004712761256,174,160,129,85
1220,105.00004712761256,171,158,125,84
1220,106.00004712761256,168,151,123,77
1220,107.00004712761256,174,157,123,67
1220,108.00004712761256,167,154,122,57
1220,109.00004712761256,160,153,117,42
1220,110.00004712761256,157,151,114,33
1220,111.00004712761256,158,152,112,33
1220,112.00004712761256,157,148,110,27
1220,113.00004712761256,158,147,111,25
1220,114.00004712761256,158,147,112,25
1220,115.00004712761256,159,153,119,28
1220,116.00004712761256,165,154,115,41
1220,117.00004712761256,169,157,121,51
1220,118.00004712761256,174,158,120,64
1220,119.00004712761256,176,161,126,71
1220,120.00004712761256,177,162,125,69
1220,121.00004712761256,172,158,123,59
1220,122.00004712761256,166,154,120,51
1220,123.00004712761256,171,159,124,45
1220,124.00004712761256,167,157,123,43
1220,125.00004712761256,167,157,118,39
1220,126.00004712761256,170,160,123,43
1220,127.00004712761256,170,161,128,43
1220,128.00004712761256,174,166,133,42
1220,129.00004712761256,170,168,139,34
1220,130.00004712761256,176,179,158,35
1220,131.00004712761256,190,188,173,43
1220,132.00004712761256,187,190,172,44
1220,133.00004712761256,189,192,178,49
1220,134.00004712761256,189,191,179,46
1220,135.00004712761256,196,197,189,55
1220,136.00004712761256,195,198,189,64
1220,137.00004712761256,205,208,205,79
1220,138.00004712761256,218,222,215,109
1220,139.00004712761256,187,191,171,48
1220,140.00004712761256,162,168,134,35
1220,141.00004712761256,137,145,107,19
1220,142.00004712761256,125,140,106,14
1220,143.00004712761256,120,138,104,12
1220,144.00004712761256,106,129,95,12
1220,145.00004712761256,103,128,94,11
1220,146.00004712761256,103,126,92,9
1220,147.00004712761256,101,128,94,11
1220,148.00004712761256,98,125,89,10
1220,149.00004712761256,99,124,92,10
1220,150.00004712761256,98,126,94,10
1220,151.00004712761256,95,125,92,11
1220,152.00004712761256,98,126,96,12
1220,153.00004712761256,100,132,98,11
1220,154.00004712761256,105,136,102,14
1220,155.00004712761256,94,127,97,12
1220,156.00004712761256,90,125,91,10
1220,157.00004712761256,90,119,86,10
1220,158.00004712761256,88,118,83,11
1220,159.00004712761256,92,121,90,9
1220,160.00004712761256,91,124,85,10
1220,161.00004712761256,94,124,89,10
1220,162.00004712761256,92,121,94,10
1220,163.00004712761256,88,119,91,10
1220,164.00004712761256,92,121,94,11
1220,165.00004712761256,100,134,103,13
1220,166.00004712761256,120,155,126,21
1220,167.00004712761256,132,164,146,25
1220,168.00004712761256,158,186,178,35
1220,169.00004712761256,164,189,179,37
1220,170.00004712761256,172,194,188,45
1220,171.00004712761256,199,208,203,67
1220,172.00004712761256,207,213,209,85
1220,173.00004712761256,203,210,206,80
1220,174.00004712761256,202,210,206,74
1220,175.00004712761256,200,208,203,67
1220,176.00004712761256,191,202,194,53
1220,177.00004712761256,184,197,187,42
1220,178.00004712761256,192,203,193,50
1220,179.00004712761256,188,196,183,44
1220,180.00004712761256,218,228,220,107
1220,181.00004712761256,214,219,214,103
1220,182.00004712761256,206,208,200,79
1220,183.00004712761256,208,212,205,83
1220,184.00004712761256,208,209,204,85
1220,185.00004712761256,204,206,201,71
1220,186.00004712761256,198,207,198,56
1220,187.00004712761256,193,196,189,50
1220,188.00004712761256,180,190,171,36
1220,189.00004712761256,138,157,128,21
1220,190.00004712761256,121,135,110,15
1220,191.00004712761256,108,129,101,12
1220,192.00004712761256,99,125,94,13
1220,193.00004712761256,98,122,92,12
1220,194.00004712761256,95,118,93,10
1220,195.00004712761256,94,131,105,13
1220,196.00004712761256,87,130,103,13
1220,197.00004712761256,88,124,97,14
1220,198.00004712761256,88,122,102,14
1220,199.00004712761256,86,115,98,14
1220,200.00004712761256,83,118,97,13
1220,201.00004712761256,79,111,90,13
1220,202.00004712761256,80,110,92,13
1220,203.00004712761256,75,100,83,9
1220,204.00004712761256,72,105,80,11
1220,205.00004712761256,70,103,82,10
1220,206.00004712761256,67,99,75,9
1220,207.00004712761256,68,97,72,6
1220,208.00004712761256,70,99,75,9
1220,209.00004712761256,72,109,85,11
1220,210.00004712761256,78,115,91,11
1220,211.00004712761256,82,118,92,13
1220,212.00004712761256,68,109,88,11
1220,213.00004712761256,67,107,82,10
1220,214.00004712761256,66,105,81,9
1220,215.00004712761256,62,100,75,10
1220,216.00004712761256,61,96,76,8
1220,217.00004712761256,60,92,72,9
1220,218.00004712761256,59,93,72,10
1220,219.00004712761256,60,90,74,9
1220,220.00004712761256,60,92,76,8
1220,221.00004712761256,64,99,78,9
1220,222.00004712761256,65,98,82,11
1220,223.00004712761256,69,106,81,10
1220,224.00004712761256,67,102,78,10
1220,225.00004712761256,64,99,73,10
1220,226.00004712761256,62,97,73,8
1220,227.00004712761256,63,94,73,8
1220,228.00004712761256,63,96,80,9
1220,229.00004712761256,67,101,76,9
1220,230.00004712761256,72,103,83,11
1220,231.00004712761256,75,111,82,12
1220,232.00004712761256,73,109,82,12
1220,233.00004712761256,69,96,75,9
1220,234.00004712761256,66,101,71,10
1220,235.00004712761256,80,113,94,12
1220,236.00004712761256,136,162,158,29
1220,237.00004712761256,174,190,187,44
1220,238.00004712761256,198,204,202,66
1220,239.00004712761256,197,207,201,75
1220,240.00004712761256,184,201,195,63
1220,241.00004712761256,203,210,209,83
1220,242.00004712761256,211,218,215,108
1220,243.00004712761256,203,211,208,94
1220,244.00004712761256,212,217,214,100
1220,245.00004712761256,216,219,217,117
1220,246.00004712761256,227,233,233,145
1220,247.00004712761256,224,232,227,134
1220,248.00004712761256,214,223,216,90
1220,249.00004712761256,199,210,201,61
1220,250.00004712761256,145,174,169,33
1220,251.00004712761256,183,195,187,44
1220,252.00004712761256,170,192,185,42
1220,253.00004712761256,143,181,159,33
1220,254.00004712761256,131,156,142,24
1220,255.00004712761256,146,170,161,29
1220,256.00004712761256,185,195,187,47
1220,257.00004712761256,145,174,149,33
1220,258.00004712761256,104,136,119,17
1220,259.00004712761256,103,132,106,16
1220,260.00004712761256,86,119,97,13
1220,261.00004712761256,90,111,82,11
1220,262.00004712761256,78,112,81,9
1220,263.00004712761256,81,108,77,11
1220,264.00004712761256,83,113,84,10
1220,265.00004712761256,86,111,88,10
1220,266.00004712761256,84,110,86,11
1220,267.00004712761256,92,119,90,13
1220,268.00004712761256,71,100,74,9
1220,269.00004712761256,63,91,68,10
1220,270.00004712761256,60,91,65,7
1220,271.00004712761256,68,94,75,10
1220,272.00004712761256,66,95,74,9
1220,273.00004712761256,59,93,67,10
1220,274.00004712761256,60,93,70,7
1220,275.00004712761256,63,89,69,8
1220,276.00004712761256,66,93,71,9
1220,277.00004712761256,68,97,72,9
1220,278.00004712761256,65,90,71,9
1220,279.00004712761256,57,86,70,8
1220,280.00004712761256,59,91,70,11
1220,281.00004712761256,57,89,69,9
1220,282.00004712761256,58,85,65,8
1220,283.00004712761256,55,84,63,8
1220,284.00004712761256,55,83,64,9
1220,285.00004712761256,57,86,65,8
1220,286.00004712761256,63,89,69,8
1220,287.00004712761256,65,95,73,10
1220,288.00004712761256,67,94,72,11
1220,289.00004712761256,60,84,66,10
1220,290.00004712761256,65,82,70,10
1220,291.00004712761256,58,80,67,8
1220,292.00004712761256,57,91,65,9
1220,293.00004712761256,59,83,69,10
1220,294.00004712761256,56,86,60,8
1220,295.00004712761256,59,79,64,9
1220,296.00004712761256,61,80,60,9
1220,297.00004712761256,59,82,66,9
1220,298.00004712761256,61,80,64,9
1220,299.00004712761256,60,76,60,8
1220,300.00004712761256,60,83,60,7
1515,0.0,161,154,132,126
1515,0.9999769016475284,149,139,115,121
1515,1.9999769016475284,141,128,113,117
1515,2.9999769016475284,143,136,116,125
1515,3.9999769016475284,180,174,150,137
1515,4.999976901647528,194,187,168,152
1515,5.999976901647528,194,191,167,154
1515,6.999976901647528,183,170,149,141
1515,7.999976901647528,195,185,162,155
1515,8.999976901647528,202,196,178,162
1515,9.999976901647528,192,183,155,148
1515,10.999976901647528,159,152,129,129
1515,11.999976901647528,154,142,128,120
1515,12.999976901647528,156,149,131,120
1515,13.999976901647528,168,158,140,124
1515,14.999976901647528,183,172,152,134
1515,15.999976901647528,202,196,177,158
1515,16.99997690164753,199,194,173,165
1515,17.99997690164753,204,203,183,171
1515,18.99997690164753,196,194,169,153
1515,19.99997690164753,152,135,114,113
1515,20.99997690164753,142,137,121,110
1515,21.99997690164753,133,128,112,110
1515,22.99997690164753,134,122,111,97
1515,23.99997690164753,124,116,99,99
1515,24.99997690164753,120,114,101,96
1515,25.99997690164753,123,112,103,90
1515,26.99997690164753,124,113,102,89
1515,27.99997690164753,116,113,99,84
1515,28.99997690164753,127,119,109,90
1515,29.99997690164753,131,124,108,96
1515,30.99997690164753,123,121,105,97
1515,31.99997690164753,128,118,103,99
1515,32.99997690164753,134,124,104,106
1515,33.99997690164753,138,129,110,110
1515,34.99997690164753,141,129,111,110
1515,35.99997690164753,145,134,115,113
1515,36.99997690164753,149,132,118,116
1515,37.99997690164753,150,145,119,126
1515,38.99997690164753,165,165,133,143
1515,39.99997690164753,198,191,170,150
1515,40.99997690164753,187,185,160,141
1515,41.99997690164753,164,154,132,116
1515,42.99997690164753,157,150,125,116
1515,43.99997690164753,160,156,132,122
1515,44.99997690164753,145,143,119,118
1515,45.99997690164753,142,139,120,110
1515,46.99997690164753,174,164,143,126
1515,47.99997690164753,213,210,199,187
1515,48.99997690164753,219,216,205,201
1515,49.99997690164753,218,217,205,198
1515,50.99997690164753,214,213,203,192
1515,51.99997690164753,210,211,200,195
1515,52.99997690164753,197,200,178,192
1515,53.99997690164753,205,205,193,182
1515,54.99997690164753,208,209,199,182
1515,55.99997690164753,197,201,181,175
1515,56.99997690164753,194,194,176,151
1515,57.99997690164753,205,205,196,139
1515,58.99997690164753,211,210,202,152
1515,59.99997690164753,213,213,204,164
1515,60.99997690164753,216,215,206,176
1515,61.99997690164753,216,216,207,180
1515,62.99997690164753,216,216,207,184
1515,63.99997690164753,218,217,207,187
1515,64.99997690164753,217,217,207,186
1515,65.99997690164753,217,217,207,187
1515,66.99997690164753,218,217,207,187
1515,67.99997690164753,218,217,207,188
1515,68.99997690164753,218,217,207,188
1515,69.99997690164753,218,218,208,190
1515,70.99997690164753,219,218,208,191
1515,71.99997690164753,219,218,208,193
1515,72.99997690164753,220,218,209,193
1515,73.99997690164753,220,219,208,193
1515,74.99997690164753,219,218,208,192
1515,75.99997690164753,219,218,207,193
1515,76.99997690164753,219,218,207,192
1515,77.99997690164753,219,218,208,193
1515,78.99997690164753,219,219,208,193
1515,79.99997690164753,219,218,208,191
1515,80.99997690164753,219,218,207,191
1515,81.99997690164753,218,217,207,191
1515,82.99997690164753,218,217,207,186
1515,83.99997690164753,218,217,207,186
1515,84.99997690164753,217,216,206,186
1515,85.99997690164753,218,216,206,183
1515,86.99997690164753,218,216,207,186
1515,87.99997690164753,218,217,206,191
1515,88.99997690164753,218,217,206,189
1515,89.99997690164753,218,217,206,191
1515,90.99997690164753,217,216,206,189
1515,91.99997690164753,218,217,207,190
1515,92.99997690164753,218,217,207,191
1515,93.99997690164753,218,217,206,189
1515,94.99997690164753,219,216,206,188
1515,95.99997690164753,218,216,206,186
1515,96.99997690164753,217,215,204,186
1515,97.99997690164753,215,214,202,181
1515,98.99997690164753,212,211,200,166
1515,99.99997690164753,212,211,198,164
1515,100.99997690164753,212,210,198,161
1515,101.99997690164753,209,207,193,154
1515,102.99997690164753,209,207,193,156
1515,103.99997690164753,206,204,187,145
1515,104.99997690164753,204,201,184,136
1515,105.99997690164753,204,202,183,136
1515,106.99997690164753,204,202,185,134
1515,107.99997690164753,203,200,183,130
1515,108.99997690164753,202,200,182,130
1515,109.99997690164753,197,193,171,117
1515,110.99997690164753,193,188,165,109
1515,111.99997690164753,183,172,150,95
1515,112.99997690164753,182,168,152,90
1515,113.99997690164753,182,172,152,88
1515,114.99997690164753,172,162,133,67
1515,115.99997690164753,168,160,131,49
1515,116.99997690164753,163,159,131,45
1515,117.99997690164753,166,157,130,41
1515,118.99997690164753,166,160,131,45
1515,119.99997690164753,177,164,135,69
1515,120.99997690164753,179,167,137,77
1515,121.99997690164753,177,166,138,76
1515,122.99997690164753,173,161,130,70
1515,123.99997690164753,170,158,128,69
1515,124.99997690164753,173,159,129,70
1515,125.99997690164753,174,159,132,68
1515,126.99997690164753,170,161,131,71
1515,127.99997690164753,174,159,135,69
1515,128.99997690164753,175,162,133,66
1515,129.99997690164753,174,162,134,66
1515,130.99997690164753,172,161,130,62
1515,131.99997690164753,172,162,131,63
1515,132.99997690164753,173,162,132,61
1515,133.99997690164753,170,159,133,61
1515,134.99997690164753,172,162,137,65
1515,135.99997690164753,175,161,133,58
1515,136.99997690164753,175,166,137,56
1515,137.99997690164753,178,167,144,56
1515,138.99997690164753,174,169,143,48
1515,139.99997690164753,172,165,138,46
1515,140.99997690164753,172,166,143,44
1515,141.99997690164753,174,170,147,40
1515,142.99997690164753,168,164,146,34
1515,143.99997690164753,178,175,157,38
1515,144.99997690164753,182,185,173,43
1515,145.99997690164753,176,180,159,39
1515,146.99997690164753,171,169,146,36
1515,147.99997690164753,177,175,157,41
1515,148.99997690164753,185,187,170,49
1515,149.99997690164753,220,223,221,101
1515,150.99997690164753,207,215,206,71
1515,151.99997690164753,187,194,179,39
1515,152.99997690164753,133,145,121,24
1515,153.99997690164753,128,145,122,20
1515,154.99997690164753,112,137,116,18
1515,155.99997690164753,108,139,114,16
1515,156.99997690164753,109,140,115,16
1515,157.99997690164753,108,140,118,17
1515,158.99997690164753,104,139,118,18
1515,159.99997690164753,109,140,119,18
1515,160.99997690164753,103,139,114,16
1515,161.99997690164753,97,130,112,16
1515,162.99997690164753,99,132,115,16
1515,163.99997690164753,101,138,116,15
1515,164.99997690164753,100,135,114,16
1515,165.99997690164753,100,134,112,15
1515,166.99997690164753,102,136,112,17
1515,167.99997690164753,101,137,114,17
1515,168.99997690164753,101,137,114,15
1515,169.99997690164753,98,137,116,16
1515,170.99997690164753,95,134,111,15
1515,171.99997690164753,93,136,113,15
1515,172.99997690164753,91,135,113,17
1515,173.99997690164753,91,134,111,16
1515,174.99997690164753,102,141,125,18
1515,175.99997690164753,105,146,131,19
1515,176.99997690164753,93,141,123,19
1515,177.99997690164753,86,129,115,17
1515,178.99997690164753,89,130,117,16
1515,179.99997690164753,89,131,112,15
1515,180.99997690164753,92,131,111,16
1515,181.99997690164753,90,135,119,16
1515,182.99997690164753,93,139,118,16
1515,183.99997690164753,99,142,119,16
1515,184.99997690164753,111,145,124,19
1515,185.99997690164753,126,161,149,24
1515,186.99997690164753,139,168,153,27
1515,187.99997690164753,145,172,162,28
1515,188.99997690164753,180,193,179,47
1515,189.99997690164753,208,216,214,81
1515,190.99997690164753,206,217,211,73
1515,191.99997690164753,201,211,205,59
1515,192.99997690164753,195,205,201,60
1515,193.99997690164753,199,207,205,62
1515,194.99997690164753,202,209,204,69
1515,195.99997690164753,193,204,198,56
1515,196.99997690164753,186,196,191,46
1515,197.99997690164753,172,188,181,42
1515,198.99997690164753,151,178,162,31
1515,199.99997690164753,143,168,151,27
1515,200.99997690164753,134,159,137,22
1515,201.99997690164753,129,153,133,20
1515,202.99997690164753,128,151,133,20
1515,203.99997690164753,122,147,128,18
1515,204.99997690164753,119,141,120,16
1515,205.99997690164753,120,140,118,17
1515,206.99997690164753,117,143,118,15
1515,207.99997690164753,119,141,118,16
1515,208.99997690164753,121,139,119,16
1515,209.99997690164753,107,137,119,16
1515,210.99997690164753,105,136,116,14
1515,211.99997690164753,101,134,118,14
1515,212.99997690164753,97,133,111,15
1515,213.99997690164753,93,133,110,14
1515,214.99997690164753,91,133,113,15
1515,215.99997690164753,87,132,114,16
1515,216.99997690164753,85,133,111,14
1515,217.99997690164753,79,131,112,15
1515,218.99997690164753,80,131,109,14
1515,219.99997690164753,74,128,109,13
1515,220.99997690164753,78,121,109,13
1515,221.99997690164753,76,120,109,14
1515,222.99997690164753,77,120,106,14
1515,223.99997690164753,75,119,105,14
1515,224.99997690164753,77,121,109,14
1515,225.99997690164753,80,123,110,15
1515,226.99997690164753,77,124,108,14
1515,227.99997690164753,74,121,102,14
1515,228.99997690164753,76,123,105,14
1515,229.99997690164753,75,122,109,14
1515,230.99997690164753,74,120,106,14
1515,231.99997690164753,74,122,111,15
1515,232.99997690164753,74,120,107,14
1515,233.99997690164753,69,122,106,15
1515,234.99997690164753,75,123,109,13
1515,235.99997690164753,76,121,105,14
1515,236.99997690164753,72,118,106,13
1515,237.99997690164753,74,117,102,14
1515,238.99997690164753,73,122,107,14
1515,239.99997690164753,75,119,110,14
1515,240.99997690164753,73,122,107,15
1515,241.99997690164753,67,122,110,14
1515,242.99997690164753,71,121,107,15
1515,243.99997690164753,71,120,103,15
1515,244.99997690164753,71,123,111,14
1515,245.99997690164753,74,124,112,13
1515,246.99997690164753,69,120,109,13
1515,247.99997690164753,68,114,105,14
1515,248.99997690164753,66,114,98,14
1515,249.99997690164753,68,114,102,14
1515,250.99997690164753,67,116,105,14
1515,251.99997690164753,69,118,102,14
1515,252.99997690164753,69,112,104,13
1515,253.99997690164753,69,113,101,12
1515,254.99997690164753,65,114,106,15
1515,255.99997690164753,71,119,109,15
1515,256.9999769016475,71,120,111,14
1515,257.9999769016475,73,117,106,12
1515,258.9999769016475,71,119,107,13
1515,259.9999769016475,69,120,106,15
1515,260.9999769016475,63,116,103,12
1515,261.9999769016475,64,115,102,15
1515,262.9999769016475,64,114,100,14
1515,263.9999769016475,66,110,105,12
1515,264.9999769016475,64,111,103,13
1515,265.9999769016475,67,112,104,14
1515,266.9999769016475,67,119,106,13
1515,267.9999769016475,69,121,107,13
1515,268.9999769016475,66,120,105,13
1515,269.9999769016475,71,118,104,15
1515,270.9999769016475,71,118,107,14
1515,271.9999769016475,69,117,103,13
1515,272.9999769016475,70,121,106,13
1515,273.9999769016475,69,118,107,13
1515,274.9999769016475,66,116,103,15
1515,275.9999769016475,66,116,103,13
1515,276.9999769016475,66,113,100,13
1515,277.9999769016475,66,111,103,13
1515,278.9999769016475,66,115,99,14
1515,279.9999769016475,73,117,101,13
1515,280.9999769016475,74,121,106,14
1515,281.9999769016475,69,118,108,13
1515,282.9999769016475,70,119,108,14
1515,283.9999769016475,73,117,104,14
1515,284.9999769016475,75,121,109,13
1515,285.9999769016475,74,121,110,15
1515,286.9999769016475,77,129,115,15
1515,287.9999769016475,76,123,108,13
1515,288.9999769016475,75,121,103,13
1515,289.9999769016475,81,125,115,15
1515,290.9999769016475,79,128,115,15
1515,291.9999769016475,87,129,113,15
1515,292.9999769016475,80,124,108,13
1515,293.9999769016475,80,121,106,13
1515,294.9999769016475,85,121,103,14
1515,295.9999769016475,82,123,109,14
1515,296.9999769016475,84,129,105,13
1515,297.9999769016475,90,138,117,17
1515,298.9999769016475,169,185,183,30
1515,299.9999769016475,150,187,179,36
1778,0.0,152,142,123,103
1778,1.0117681256360811e-05,152,142,123,103
1778,1.0000101176812564,141,131,112,92
1778,2.0000101176812564,179,170,148,113
1778,3.0000101176812564,194,188,167,129
1778,4.000010117681256,198,185,170,128
1778,5.000010117681256,205,199,185,149
1778,6.000010117681256,211,207,195,165
1778,7.000010117681256,212,211,204,160
1778,8.000010117681256,211,209,204,159
1778,9.000010117681256,205,199,183,147
1778,10.000010117681256,170,168,152,115
1778,11.000010117681256,179,181,156,111
1778,12.000010117681256,203,199,183,132
1778,13.000010117681256,204,203,192,141
1778,14.000010117681256,189,190,167,130
1778,15.000010117681256,191,187,180,122
1778,16.000010117681256,186,175,157,123
1778,17.000010117681256,159,146,129,105
1778,18.000010117681256,172,162,140,107
1778,19.000010117681256,192,190,171,121
1778,20.000010117681256,196,185,163,127
1778,21.000010117681256,204,200,187,135
1778,22.000010117681256,191,183,171,118
1778,23.000010117681256,175,164,152,112
1778,24.000010117681256,166,150,136,106
1778,25.000010117681256,137,130,112,88
1778,26.000010117681256,160,151,135,97
1778,27.000010117681256,158,153,127,112
1778,28.000010117681256,178,168,146,119
1778,29.000010117681256,170,160,139,111
1778,30.000010117681256,151,146,124,107
1778,31.000010117681256,145,144,123,105
1778,32.000010117681256,158,152,128,108
1778,33.000010117681256,161,164,135,120
1778,34.000010117681256,159,155,130,104
1778,35.000010117681256,147,137,121,102
1778,36.000010117681256,169,162,141,115
1778,37.000010117681256,155,148,128,112
1778,38.000010117681256,156,147,128,106
1778,39.000010117681256,174,170,148,113
1778,40.000010117681256,175,178,153,119
1778,41.000010117681256,154,149,121,104
1778,42.000010117681256,168,169,140,108
1778,43.000010117681256,158,165,131,120
1778,44.000010117681256,177,181,148,130
1778,45.000010117681256,221,222,218,190
1778,46.000010117681256,201,195,182,128
1778,47.000010117681256,187,173,157,106
1778,48.000010117681256,173,163,147,96
1778,49.000010117681256,158,147,122,101
1778,50.000010117681256,160,158,130,102
1778,51.000010117681256,172,175,145,122
1778,52.000010117681256,143,143,123,117
1778,53.000010117681256,187,189,161,141
1778,54.000010117681256,171,170,142,155
1778,55.000010117681256,153,157,130,140
1778,56.000010117681256,203,202,181,173
1778,57.000010117681256,188,198,179,176
1778,58.000010117681256,168,172,149,177
1778,59.000010117681256,143,161,133,159
1778,60.000010117681256,146,151,127,150
1778,61.000010117681256,160,173,140,142
1778,62.000010117681256,213,215,209,190
1778,63.000010117681256,219,219,214,200
1778,64.00001011768126,214,212,207,187
1778,65.00001011768126,211,211,205,178
1778,66.00001011768126,211,211,208,170
1778,67.00001011768126,213,213,210,165
1778,68.00001011768126,216,216,213,169
1778,69.00001011768126,220,219,217,171
1778,70.00001011768126,220,219,217,170
1778,71.00001011768126,221,220,218,179
1778,72.00001011768126,224,222,220,186
1778,73.00001011768126,223,222,220,186
1778,74.00001011768126,225,225,222,195
1778,75.00001011768126,226,225,222,197
1778,76.00001011768126,226,225,222,198
1778,77.00001011768126,226,225,222,198
1778,78.00001011768126,227,225,222,197
1778,79.00001011768126,227,225,223,199
1778,80.00001011768126,226,225,222,196
1778,81.00001011768126,227,225,222,197
1778,82.00001011768126,226,225,222,198
1778,83.00001011768126,225,224,222,195
1778,84.00001011768126,226,225,222,197
1778,85.00001011768126,227,225,222,198
1778,86.00001011768126,227,226,222,200
1778,87.00001011768126,227,225,222,199
1778,88.00001011768126,227,225,222,199
1778,89.00001011768126,227,225,222,199
1778,90.00001011768126,227,225,222,199
1778,91.00001011768126,227,225,221,199
1778,92.00001011768126,227,225,222,200
1778,93.00001011768126,227,225,222,200
1778,94.00001011768126,226,225,222,198
1778,95.00001011768126,226,225,221,197
1778,96.00001011768126,226,225,221,197
1778,97.00001011768126,225,224,220,196
1778,98.00001011768126,225,223,220,194
1778,99.00001011768126,225,224,220,197
1778,100.00001011768126,225,223,220,190
1778,101.00001011768126,223,221,217,186
1778,102.00001011768126,220,218,215,174
1778,103.00001011768126,218,216,211,166
1778,104.00001011768126,218,215,210,166
1778,105.00001011768126,217,214,209,160
1778,106.00001011768126,216,214,209,158
1778,107.00001011768126,216,213,207,154
1778,108.00001011768126,213,210,203,143
1778,109.00001011768126,211,207,199,134
1778,110.00001011768126,207,202,190,118
1778,111.00001011768126,204,199,182,114
1778,112.00001011768126,205,201,183,115
1778,113.00001011768126,207,203,190,119
1778,114.00001011768126,207,202,189,116
1778,115.00001011768126,206,204,196,117
1778,116.00001011768126,203,202,198,92
1778,117.00001011768126,206,204,194,77
1778,118.00001011768126,203,205,196,62
1778,119.00001011768126,202,201,196,49
1778,120.00001011768126,194,197,181,40
1778,121.00001011768126,204,203,193,49
1778,122.00001011768126,200,205,197,49
1778,123.00001011768126,195,200,188,42
1778,124.00001011768126,200,203,194,48
1778,125.00001011768126,201,202,196,49
1778,126.00001011768126,197,200,187,44
1778,127.00001011768126,199,203,194,46
1778,128.00001011768126,199,202,191,46
1778,129.00001011768126,208,208,203,58
1778,130.00001011768126,199,202,194,51
1778,131.00001011768126,200,203,195,48
1778,132.00001011768126,193,201,191,43
1778,133.00001011768126,200,205,195,48
1778,134.00001011768126,198,202,191,44
1778,135.00001011768126,190,199,186,43
1778,136.00001011768126,192,200,185,40
1778,137.00001011768126,198,202,193,47
1778,138.00001011768126,192,201,191,43
1778,139.00001011768126,202,204,198,51
1778,140.00001011768126,191,198,185,40
1778,141.00001011768126,198,201,191,42
1778,142.00001011768126,192,199,187,40
1778,143.00001011768126,188,198,186,39
1778,144.00001011768126,201,202,197,47
1778,145.00001011768126,195,201,193,42
1778,146.00001011768126,202,204,194,46
1778,147.00001011768126,201,203,194,50
1778,148.00001011768126,207,208,201,62
1778,149.00001011768126,210,212,210,79
1778,150.00001011768126,217,220,223,99
1778,151.00001011768126,218,221,223,99
1778,152.00001011768126,212,216,217,83
1778,153.00001011768126,217,219,220,93
1778,154.00001011768126,213,216,218,84
1778,155.00001011768126,209,212,212,68
1778,156.00001011768126,206,208,206,58
1778,157.00001011768126,206,208,207,62
1778,158.00001011768126,204,207,203,61
1778,159.00001011768126,217,217,217,92
1778,160.00001011768126,200,204,199,51
1778,161.00001011768126,200,205,202,49
1778,162.00001011768126,190,198,186,41
1778,163.00001011768126,185,194,179,35
1778,164.00001011768126,184,193,177,34
1778,165.00001011768126,191,200,196,46
1778,166.00001011768126,183,192,178,38
1778,167.00001011768126,167,188,165,30
1778,168.00001011768126,190,199,191,49
1778,169.00001011768126,207,211,212,73
1778,170.00001011768126,190,200,196,46
1778,171.00001011768126,159,184,166,27
1778,172.00001011768126,157,180,161,26
1778,173.00001011768126,188,200,191,47
1778,174.00001011768126,188,203,200,50
1778,175.00001011768126,166,189,175,34
1778,176.00001011768126,167,184,168,35
1778,177.00001011768126,193,207,200,62
1778,178.00001011768126,184,197,192,50
1778,179.00001011768126,188,203,200,54
1778,180.00001011768126,200,207,208,61
1778,181.00001011768126,138,174,155,25
1778,182.00001011768126,157,185,169,30
1778,183.00001011768126,192,209,207,62
1778,184.00001011768126,184,198,199,47
1778,185.00001011768126,186,200,194,52
1778,186.00001011768126,194,206,205,58
1778,187.00001011768126,165,191,186,37
1778,188.00001011768126,126,164,144,21
1778,189.00001011768126,130,167,143,21
1778,190.00001011768126,172,193,182,46
1778,191.00001011768126,215,223,222,117
1778,192.00001011768126,213,213,218,97
1778,193.00001011768126,170,197,192,41
1778,194.00001011768126,149,180,168,30
1778,195.00001011768126,163,191,179,39
1778,196.00001011768126,185,201,195,48
1778,197.00001011768126,174,195,185,45
1778,198.00001011768126,208,214,213,78
1778,199.00001011768126,186,202,198,49
1778,200.00001011768126,178,198,190,40
1778,201.00001011768126,175,193,182,34
1778,202.00001011768126,151,184,163,25
1778,203.00001011768126,172,191,174,33
1778,204.00001011768126,200,206,202,51
1778,205.00001011768126,203,208,205,55
1778,206.00001011768126,208,212,212,71
1778,207.00001011768126,203,208,206,56
1778,208.00001011768126,176,198,191,38
1778,209.00001011768126,155,185,163,28
1778,210.00001011768126,179,194,178,33
1778,211.00001011768126,170,192,179,31
1778,212.00001011768126,148,177,154,24
1778,213.00001011768126,154,179,157,26
1778,214.00001011768126,166,186,169,29
1778,215.00001011768126,157,181,164,27
1778,216.00001011768126,172,190,176,36
1778,217.00001011768126,173,191,175,40
1778,218.00001011768126,185,201,194,50
1778,219.00001011768126,192,202,199,53
1778,220.00001011768126,181,199,191,46
1778,221.00001011768126,189,202,197,52
1778,222.00001011768126,193,204,202,59
1778,223.00001011768126,189,201,196,50
1778,224.00001011768126,157,187,173,35
1778,225.00001011768126,153,177,167,32
1778,226.00001011768126,168,189,176,44
1778,227.00001011768126,175,194,190,49
1778,228.00001011768126,168,195,187,49
1778,229.00001011768126,180,193,186,47
1778,230.00001011768126,141,179,163,31
1778,231.00001011768126,150,175,163,31
1778,232.00001011768126,146,179,166,34
1778,233.00001011768126,159,184,172,36
1778,234.00001011768126,158,183,173,37
1778,235.00001011768126,150,183,168,40
1778,236.00001011768126,171,195,186,49
1778,237.00001011768126,172,194,190,44
1778,238.00001011768126,140,176,162,32
1778,239.00001011768126,141,175,163,33
1778,240.00001011768126,137,176,163,31
1778,241.00001011768126,126,162,145,25
1778,242.00001011768126,131,166,149,28
1778,243.00001011768126,144,175,162,31
1778,244.00001011768126,133,166,152,28
1778,245.00001011768126,131,163,152,25
1778,246.00001011768126,135,171,157,28
1778,247.00001011768126,136,172,159,30
1778,248.00001011768126,145,176,164,36
1778,249.00001011768126,161,190,182,39
1778,250.00001011768126,147,169,159,31
1778,251.00001011768126,183,200,194,57
1778,252.00001011768126,199,207,204,70
1778,253.00001011768126,174,195,193,51
1778,254.00001011768126,172,194,190,46
1778,255.00001011768126,184,200,198,55
1778,256.00001011768126,179,196,190,53
1778,257.00001011768126,192,208,206,68
1778,258.00001011768126,189,200,201,57
1778,259.00001011768126,158,186,177,39
1778,260.00001011768126,148,180,167,33
1778,261.00001011768126,122,163,150,25
1778,262.00001011768126,122,161,139,24
1778,263.00001011768126,139,175,159,30
1778,264.00001011768126,181,199,195,52
1778,265.00001011768126,169,187,184,43
1778,266.00001011768126,121,158,145,24
1778,267.00001011768126,115,154,138,22
1778,268.00001011768126,129,161,149,26
1778,269.00001011768126,130,166,152,28
1778,270.00001011768126,127,162,155,27
1778,271.00001011768126,142,172,163,33
1778,272.00001011768126,150,181,177,37
1778,273.00001011768126,150,184,174,36
1778,274.00001011768126,152,182,173,37
1778,275.00001011768126,165,192,186,44
1778,276.00001011768126,148,180,173,35
1778,277.00001011768126,153,185,177,38
1778,278.00001011768126,162,192,186,42
1778,279.00001011768126,173,194,186,45
1778,280.00001011768126,176,195,190,48
1778,281.00001011768126,178,198,192,50
1778,282.00001011768126,133,165,153,26
1778,283.00001011768126,132,169,153,26
1778,284.00001011768126,121,158,143,25
1778,285.00001011768126,131,169,156,29
1778,286.00001011768126,148,176,163,34
1778,287.00001011768126,166,187,180,45
1778,288.00001011768126,169,193,185,42
1778,289.00001011768126,119,159,143,21
1778,290.00001011768126,133,167,148,28
1778,291.00001011768126,141,172,159,32
1778,292.00001011768126,126,161,152,22
1778,293.00001011768126,134,171,153,30
1778,294.00001011768126,133,168,154,29
1778,295.00001011768126,169,188,177,40
1778,296.00001011768126,169,194,187,47
1778,297.00001011768126,194,204,201,67
1778,298.00001011768126,198,208,206,72
1778,299.00001011768126,177,197,194,50
1778,300.00001011768126,154,179,169,33
2077,0.0,212,210,205,184
2077,4.7754325805726694e-05,212,210,205,184
2077,1.0000477543258057,208,207,195,168
2077,2.0000477543258057,212,210,203,170
2077,3.0000477543258057,216,213,209,184
2077,4.000047754325806,222,219,215,202
2077,5.000047754325806,224,220,216,204
2077,6.000047754325806,212,208,203,174
2077,7.000047754325806,203,199,191,155
2077,8.000047754325806,198,194,181,142
2077,9.000047754325806,196,194,181,145
2077,10.000047754325806,200,197,186,152
2077,11.000047754325806,206,204,195,164
2077,12.000047754325806,210,206,198,165
2077,13.000047754325806,202,200,192,151
2077,14.000047754325806,203,201,192,152
2077,15.000047754325806,209,205,198,166
2077,16.000047754325806,209,208,200,168
2077,17.000047754325806,207,204,196,166
2077,18.000047754325806,210,209,203,170
2077,19.000047754325806,210,208,203,172
2077,20.000047754325806,213,211,206,175
2077,21.000047754325806,210,207,203,161
2077,22.000047754325806,201,199,188,145
2077,23.000047754325806,203,199,190,148
2077,24.000047754325806,205,201,191,147
2077,25.000047754325806,201,198,189,144
2077,26.000047754325806,197,192,183,134
2077,27.000047754325806,192,189,177,130
2077,28.000047754325806,207,202,193,151
2077,29.000047754325806,209,206,200,162
2077,30.000047754325806,212,209,205,170
2077,31.000047754325806,200,192,181,138
2077,32.000047754325806,187,178,163,129
2077,33.000047754325806,199,193,178,140
2077,34.000047754325806,187,179,170,140
2077,35.000047754325806,191,192,174,139
2077,36.000047754325806,176,171,155,132
2077,37.000047754325806,184,178,164,137
2077,38.000047754325806,204,197,191,144
2077,39.000047754325806,213,209,203,167
2077,40.000047754325806,213,211,204,180
2077,41.000047754325806,212,211,204,186
2077,42.000047754325806,212,212,208,197
2077,43.000047754325806,203,202,195,187
2077,44.000047754325806,204,201,193,168
2077,45.000047754325806,196,196,186,146
2077,46.000047754325806,192,195,185,137
2077,47.000047754325806,212,211,208,165
2077,48.000047754325806,216,215,211,179
2077,49.000047754325806,216,215,212,182
2077,50.000047754325806,217,215,212,187
2077,51.000047754325806,214,212,208,178
2077,52.000047754325806,212,209,205,175
2077,53.000047754325806,217,215,211,183
2077,54.000047754325806,214,213,210,177
2077,55.000047754325806,213,210,208,174
2077,56.000047754325806,216,214,213,176
2077,57.000047754325806,217,215,214,175
2077,58.000047754325806,216,216,213,180
2077,59.000047754325806,213,213,211,180
2077,60.000047754325806,213,213,211,183
2077,61.000047754325806,215,215,213,181
2077,62.000047754325806,217,216,215,181
2077,63.000047754325806,213,213,211,194
2077,64.0000477543258,209,209,206,189
2077,65.0000477543258,209,208,204,190
2077,66.0000477543258,201,204,196,189
2077,67.0000477543258,209,211,207,187
2077,68.0000477543258,213,213,211,183
2077,69.0000477543258,218,217,215,189
2077,70.0000477543258,223,221,219,203
2077,71.0000477543258,224,223,221,206
2077,72.0000477543258,213,213,211,189
2077,73.0000477543258,217,216,216,180
2077,74.0000477543258,216,216,216,175
2077,75.0000477543258,217,216,216,174
2077,76.0000477543258,217,217,217,178
2077,77.0000477543258,217,217,217,176
2077,78.0000477543258,218,217,217,179
2077,79.0000477543258,218,217,217,177
2077,80.0000477543258,218,218,217,180
2077,81.0000477543258,218,217,217,178
2077,82.0000477543258,218,217,217,179
2077,83.0000477543258,218,217,217,180
2077,84.0000477543258,218,217,217,178
2077,85.0000477543258,218,218,217,180
2077,86.0000477543258,218,217,217,180
2077,87.0000477543258,218,217,217,180
2077,88.0000477543258,218,217,217,178
2077,89.0000477543258,218,217,217,177
2077,90.0000477543258,217,217,216,175
2077,91.0000477543258,217,216,216,174
2077,92.0000477543258,217,216,216,176
2077,93.0000477543258,216,216,216,175
2077,94.0000477543258,216,216,215,175
2077,95.0000477543258,217,217,216,178
2077,96.0000477543258,217,217,216,178
2077,97.0000477543258,217,216,216,176
2077,98.0000477543258,217,216,216,177
2077,99.0000477543258,217,217,216,176
2077,100.0000477543258,217,216,216,178
2077,101.0000477543258,217,216,216,178
2077,102.0000477543258,217,216,215,175
2077,103.0000477543258,217,216,215,176
2077,104.0000477543258,216,215,215,173
2077,105.0000477543258,216,215,214,170
2077,106.0000477543258,216,216,215,173
2077,107.0000477543258,216,216,215,175
2077,108.0000477543258,216,216,214,174
2077,109.0000477543258,217,216,215,173
2077,110.0000477543258,217,216,216,175
2077,111.0000477543258,216,216,215,174
2077,112.0000477543258,217,216,215,172
2077,113.0000477543258,216,215,215,174
2077,114.0000477543258,216,216,216,172
2077,115.0000477543258,216,216,216,174
2077,116.0000477543258,216,216,215,174
2077,117.0000477543258,216,216,216,173
2077,118.0000477543258,216,216,216,175
2077,119.0000477543258,217,216,215,172
2077,120.0000477543258,216,215,215,171
2077,121.0000477543258,215,214,214,168
2077,122.0000477543258,213,213,212,163
2077,123.0000477543258,213,212,211,161
2077,124.0000477543258,212,211,210,156
2077,125.0000477543258,211,209,208,150
2077,126.0000477543258,207,205,201,135
2077,127.0000477543258,202,201,198,125
2077,128.0000477543258,201,199,196,118
2077,129.0000477543258,194,191,189,105
2077,130.0000477543258,188,186,182,99
2077,131.0000477543258,175,171,163,85
2077,132.0000477543258,166,165,159,81
2077,133.0000477543258,161,159,152,74
2077,134.0000477543258,158,151,145,70
2077,135.0000477543258,148,140,133,66
2077,136.0000477543258,147,141,137,64
2077,137.0000477543258,152,146,141,64
2077,138.0000477543258,160,161,160,62
2077,139.0000477543258,167,173,165,51
2077,140.0000477543258,145,151,144,37
2077,141.0000477543258,163,167,156,36
2077,142.0000477543258,133,144,138,24
2077,143.0000477543258,128,143,137,22
2077,144.0000477543258,132,144,133,21
2077,145.0000477543258,130,147,137,20
2077,146.0000477543258,135,147,138,19
2077,147.0000477543258,134,149,137,21
2077,148.0000477543258,129,147,139,22
2077,149.0000477543258,125,144,139,21
2077,150.0000477543258,124,142,132,21
2077,151.0000477543258,127,147,135,20
2077,152.0000477543258,129,143,133,21
2077,153.0000477543258,127,143,132,21
2077,154.0000477543258,133,146,136,20
2077,155.0000477543258,134,145,133,21
2077,156.0000477543258,133,144,135,22
2077,157.0000477543258,135,146,136,21
2077,158.0000477543258,131,147,138,21
2077,159.0000477543258,132,145,139,21
2077,160.0000477543258,134,148,136,21
2077,161.0000477543258,136,148,140,22
2077,162.0000477543258,130,146,137,20
2077,163.0000477543258,134,148,137,21
2077,164.0000477543258,133,147,136,20
2077,165.0000477543258,129,148,141,21
2077,166.0000477543258,132,150,140,22
2077,167.0000477543258,127,152,145,21
2077,168.0000477543258,122,142,137,20
2077,169.0000477543258,123,143,132,19
2077,170.0000477543258,124,144,135,20
2077,171.0000477543258,126,147,137,20
2077,172.0000477543258,125,143,135,19
2077,173.0000477543258,126,144,137,19
2077,174.0000477543258,125,141,136,18
2077,175.0000477543258,125,145,139,19
2077,176.0000477543258,124,143,134,19
2077,177.0000477543258,124,142,135,19
2077,178.0000477543258,130,152,144,23
2077,179.0000477543258,151,165,158,33
2077,180.0000477543258,164,189,186,40
2077,181.0000477543258,171,184,185,43
2077,182.0000477543258,171,187,184,44
2077,183.0000477543258,185,198,197,54
2077,184.0000477543258,193,203,203,58
2077,185.0000477543258,177,189,188,49
2077,186.0000477543258,183,190,192,52
2077,187.0000477543258,184,192,193,55
2077,188.0000477543258,196,196,200,68
2077,189.0000477543258,212,218,220,92
2077,190.0000477543258,186,200,206,49
2077,191.0000477543258,169,184,184,39
2077,192.0000477543258,170,179,174,39
2077,193.0000477543258,170,178,176,36
2077,194.0000477543258,156,169,163,31
2077,195.0000477543258,151,167,165,29
2077,196.0000477543258,133,147,141,21
2077,197.0000477543258,128,147,141,21
2077,198.0000477543258,131,149,145,23
2077,199.0000477543258,171,187,177,47
2077,200.0000477543258,172,195,192,47
2077,201.0000477543258,121,151,146,22
2077,202.0000477543258,107,136,130,18
2077,203.0000477543258,106,135,130,17
2077,204.0000477543258,108,140,131,17
2077,205.0000477543258,108,141,133,17
2077,206.0000477543258,106,139,132,16
2077,207.0000477543258,106,140,132,17
2077,208.0000477543258,106,138,131,16
2077,209.0000477543258,106,137,131,16
2077,210.0000477543258,108,138,132,18
2077,211.0000477543258,108,141,131,17
2077,212.0000477543258,108,142,135,17
2077,213.0000477543258,106,142,136,18
2077,214.0000477543258,104,142,133,17
2077,215.0000477543258,111,143,135,17
2077,216.0000477543258,106,142,134,16
2077,217.0000477543258,106,141,133,16
2077,218.0000477543258,105,140,132,17
2077,219.0000477543258,106,142,134,17
2077,220.0000477543258,106,142,134,17
2077,221.0000477543258,109,142,138,17
2077,222.0000477543258,104,138,132,16
2077,223.0000477543258,99,138,127,17
2077,224.0000477543258,110,142,134,18
2077,225.0000477543258,106,142,137,17
2077,226.0000477543258,106,138,132,16
2077,227.0000477543258,101,135,131,17
2077,228.0000477543258,107,139,132,18
2077,229.0000477543258,114,148,138,19
2077,230.0000477543258,111,145,136,19
2077,231.0000477543258,105,141,132,18
2077,232.0000477543258,108,142,137,18
2077,233.0000477543258,111,142,136,19
2077,234.0000477543258,109,142,131,18
2077,235.0000477543258,113,146,137,19
2077,236.0000477543258,121,159,152,24
2077,237.0000477543258,149,178,176,39
2077,238.0000477543258,175,194,197,52
2077,239.0000477543258,176,199,201,54
2077,240.0000477543258,190,203,207,59
2077,241.0000477543258,193,201,207,60
2077,242.0000477543258,150,185,185,42
2077,243.0000477543258,182,200,199,69
2077,244.0000477543258,223,223,227,118
2077,245.0000477543258,202,212,218,62
2077,246.0000477543258,135,163,169,23
2077,247.0000477543258,118,146,137,19
2077,248.0000477543258,116,144,133,17
2077,249.0000477543258,115,144,133,18
2077,250.0000477543258,114,143,134,17
2077,251.0000477543258,113,143,131,16
2077,252.0000477543258,111,144,132,16
2077,253.0000477543258,114,148,138,18
2077,254.0000477543258,114,148,137,17
2077,255.0000477543258,113,145,137,17
2077,256.0000477543258,104,142,133,16
2077,257.0000477543258,106,140,132,17
2077,258.0000477543258,116,149,140,21
2077,259.0000477543258,121,154,143,21
2077,260.0000477543258,102,138,130,17
2077,261.0000477543258,103,136,129,17
2077,262.0000477543258,101,136,127,16
2077,263.0000477543258,112,143,135,18
2077,264.0000477543258,111,144,137,18
2077,265.0000477543258,116,152,143,21
2077,266.0000477543258,116,153,145,19
2077,267.0000477543258,107,147,139,19
2077,268.0000477543258,105,144,137,18
2077,269.0000477543258,100,139,128,16
2077,270.0000477543258,101,139,131,18
2077,271.0000477543258,99,135,130,17
2077,272.0000477543258,109,145,139,19
2077,273.0000477543258,109,146,139,18
2077,274.0000477543258,113,148,141,19
2077,275.0000477543258,114,153,145,20
2077,276.0000477543258,102,145,140,17
2077,277.0000477543258,95,136,128,18
2077,278.0000477543258,96,131,128,17
2077,279.0000477543258,99,134,127,18
2077,280.0000477543258,93,131,126,14
2077,281.0000477543258,93,128,125,16
2077,282.0000477543258,93,128,121,16
2077,283.0000477543258,93,132,125,17
2077,284.0000477543258,97,134,127,15
2077,285.0000477543258,94,130,123,15
2077,286.0000477543258,97,132,128,17
2077,287.0000477543258,102,139,129,18
2077,288.0000477543258,97,135,127,16
2077,289.0000477543258,97,135,126,16
2077,290.0000477543258,96,134,126,17
2077,291.0000477543258,98,133,126,17
2077,292.0000477543258,91,129,122,16
2077,293.0000477543258,94,130,122,17
2077,294.0000477543258,91,130,126,16
2077,295.0000477543258,91,131,127,16
2077,296.0000477543258,93,131,127,16
2077,297.0000477543258,94,132,124,15
2077,298.0000477543258,93,132,123,15
2077,299.0000477543258,96,132,126,17
2077,300.0000477543258,96,137,128,18
