TransectID,distance,red,green,blue,nir
103,0.0,213,211,205,194
103,1.663266749574177e-05,213,211,205,194
103,1.0000166326674957,210,207,202,186
103,2.0000166326674957,213,211,204,197
103,3.0000166326674957,215,211,205,194
103,4.000016632667496,204,200,191,174
103,5.000016632667496,202,197,182,167
103,6.000016632667496,207,203,192,178
103,7.000016632667496,207,204,191,178
103,8.000016632667496,202,197,183,178
103,9.000016632667496,207,204,188,183
103,10.000016632667496,211,208,194,189
103,11.000016632667496,214,212,207,185
103,12.000016632667496,194,184,182,149
103,13.000016632667496,146,134,127,108
103,14.000016632667496,181,179,160,127
103,15.000016632667496,199,189,178,139
103,16.000016632667496,191,182,167,133
103,17.000016632667496,176,169,154,130
103,18.000016632667496,192,187,166,138
103,19.000016632667496,192,185,164,140
103,20.000016632667496,162,155,135,130
103,21.000016632667496,170,162,139,132
103,22.000016632667496,155,150,129,122
103,23.000016632667496,155,141,123,121
103,24.000016632667496,156,149,131,124
103,25.000016632667496,160,150,131,124
103,26.000016632667496,172,167,143,130
103,27.000016632667496,185,177,156,142
103,28.000016632667496,183,174,154,139
103,29.000016632667496,156,145,130,123
103,30.000016632667496,161,149,130,120
103,31.000016632667496,160,151,134,124
103,32.000016632667496,183,169,146,131
103,33.000016632667496,152,133,117,112
103,34.000016632667496,141,128,113,112
103,35.000016632667496,146,137,117,117
103,36.000016632667496,147,134,114,115
103,37.000016632667496,153,141,121,116
103,38.000016632667496,163,147,128,123
103,39.000016632667496,164,151,134,123
103,40.000016632667496,156,151,129,127
103,41.000016632667496,178,169,143,132
103,42.000016632667496,149,135,120,120
103,43.000016632667496,144,146,124,131
103,44.000016632667496,140,137,111,129
103,45.000016632667496,143,142,116,135
103,46.000016632667496,162,161,131,148
103,47.000016632667496,165,174,143,167
103,48.000016632667496,208,206,194,195
103,49.000016632667496,216,215,210,202
103,50.000016632667496,213,212,207,189
103,51.000016632667496,205,204,195,148
103,52.000016632667496,175,168,156,120
103,53.000016632667496,190,190,174,135
103,54.000016632667496,211,208,204,159
103,55.000016632667496,209,208,204,160
103,56.000016632667496,213,213,209,183
103,57.000016632667496,216,215,211,190
103,58.000016632667496,223,221,219,200
103,59.000016632667496,220,218,216,198
103,60.000016632667496,221,220,218,198
103,61.000016632667496,218,217,216,189
103,62.000016632667496,219,217,216,191
103,63.000016632667496,220,219,218,195
103,64.0000166326675,222,221,219,198
103,65.0000166326675,223,222,221,202
103,66.0000166326675,224,222,221,201
103,67.0000166326675,224,222,221,201
103,68.0000166326675,220,218,216,186
103,69.0000166326675,214,214,212,177
103,70.0000166326675,222,221,219,198
103,71.0000166326675,223,221,220,200
103,72.0000166326675,223,222,220,201
103,73.0000166326675,223,222,221,201
103,74.0000166326675,223,222,221,201
103,75.0000166326675,223,222,220,200
103,76.0000166326675,223,222,220,200
103,77.0000166326675,223,221,220,199
103,78.0000166326675,223,221,220,199
103,79.0000166326675,222,221,219,197
103,80.0000166326675,221,219,217,194
103,81.0000166326675,216,215,212,179
103,82.0000166326675,214,211,208,173
103,83.0000166326675,216,215,211,178
103,84.0000166326675,217,215,211,180
103,85.0000166326675,217,215,212,181
103,86.0000166326675,217,216,213,181
103,87.0000166326675,217,215,212,179
103,88.0000166326675,216,215,211,179
103,89.0000166326675,216,214,211,175
103,90.0000166326675,215,213,210,173
103,91.0000166326675,214,212,208,169
103,92.0000166326675,211,209,203,154
103,93.0000166326675,209,206,199,149
103,94.0000166326675,208,206,198,144
103,95.0000166326675,208,206,199,144
103,96.0000166326675,205,203,194,139
103,97.0000166326675,204,200,188,131
103,98.0000166326675,200,196,184,123
103,99.0000166326675,193,188,172,112
103,100.0000166326675,191,185,168,109
103,101.0000166326675,191,187,171,111
103,102.0000166326675,198,192,177,118
103,103.0000166326675,197,192,178,118
103,104.0000166326675,194,190,175,114
103,105.0000166326675,194,187,171,113
103,106.0000166326675,189,180,165,103
103,107.0000166326675,184,176,157,100
103,108.0000166326675,178,171,154,94
103,109.0000166326675,178,171,150,95
103,110.0000166326675,182,171,156,94
103,111.0000166326675,180,172,154,93
103,112.0000166326675,179,174,154,92
103,113.0000166326675,182,176,161,83
103,114.0000166326675,183,180,156,77
103,115.0000166326675,176,168,149,59
103,116.0000166326675,174,168,146,51
103,117.0000166326675,166,160,139,37
103,118.0000166326675,162,160,138,34
103,119.0000166326675,154,155,131,30
103,120.0000166326675,148,152,125,25
103,121.0000166326675,143,153,124,24
103,122.0000166326675,150,153,130,24
103,123.0000166326675,151,153,130,24
103,124.0000166326675,147,156,129,24
103,125.0000166326675,147,153,130,22
103,126.0000166326675,148,153,126,22
103,127.0000166326675,147,156,127,22
103,128.0000166326675,150,156,129,23
103,129.0000166326675,149,156,128,23
103,130.0000166326675,150,156,129,23
103,131.0000166326675,150,157,130,22
103,132.0000166326675,151,157,130,22
103,133.0000166326675,151,157,131,22
103,134.0000166326675,154,162,133,25
103,135.0000166326675,154,163,142,27
103,136.0000166326675,154,165,142,26
103,137.0000166326675,158,165,142,27
103,138.0000166326675,160,167,145,26
103,139.0000166326675,156,163,138,26
103,140.0000166326675,161,173,148,29
103,141.0000166326675,161,172,148,27
103,142.0000166326675,153,162,139,25
103,143.0000166326675,157,166,137,27
103,144.0000166326675,161,171,152,29
103,145.0000166326675,156,169,143,26
103,146.0000166326675,157,170,150,27
103,147.0000166326675,157,173,155,25
103,148.0000166326675,158,169,144,25
103,149.0000166326675,159,170,146,26
103,150.0000166326675,156,170,144,25
103,151.0000166326675,157,170,141,25
103,152.0000166326675,156,168,146,25
103,153.0000166326675,155,169,147,26
103,154.0000166326675,157,176,157,30
103,155.0000166326675,152,171,151,29
103,156.0000166326675,150,169,153,29
103,157.0000166326675,149,166,146,29
103,158.0000166326675,154,171,152,27
103,159.0000166326675,156,171,154,29
103,160.0000166326675,158,178,160,34
103,161.0000166326675,164,180,166,35
103,162.0000166326675,213,215,216,87
103,163.0000166326675,215,220,222,93
103,164.0000166326675,210,213,216,77
103,165.0000166326675,203,211,215,74
103,166.0000166326675,199,208,210,72
103,167.0000166326675,209,214,218,84
103,168.0000166326675,203,209,213,67
103,169.0000166326675,191,202,196,68
103,170.0000166326675,213,218,218,102
103,171.0000166326675,209,212,216,88
103,172.0000166326675,140,158,149,29
103,173.0000166326675,131,151,128,21
103,174.0000166326675,126,148,124,18
103,175.0000166326675,129,147,122,18
103,176.0000166326675,131,145,124,19
103,177.0000166326675,125,147,125,19
103,178.0000166326675,119,145,123,19
103,179.0000166326675,110,139,116,19
103,180.0000166326675,115,138,117,20
103,181.0000166326675,138,162,144,26
103,182.0000166326675,131,159,142,28
103,183.0000166326675,128,157,148,28
103,184.0000166326675,128,153,144,27
103,185.0000166326675,115,149,137,26
103,186.0000166326675,135,169,160,31
103,187.0000166326675,117,144,134,24
103,188.0000166326675,102,130,113,18
103,189.0000166326675,93,122,104,17
103,190.0000166326675,96,118,98,16
103,191.0000166326675,95,123,105,17
103,192.0000166326675,100,123,111,17
103,193.0000166326675,95,125,107,17
103,194.0000166326675,89,116,98,16
103,195.0000166326675,85,114,97,16
103,196.0000166326675,84,111,94,15
103,197.0000166326675,86,114,95,15
103,198.0000166326675,86,116,95,14
103,199.0000166326675,89,115,95,14
103,200.0000166326675,83,114,97,15
103,201.0000166326675,85,112,95,14
103,202.0000166326675,85,114,96,15
103,203.0000166326675,87,115,101,16
103,204.0000166326675,93,120,104,16
103,205.0000166326675,86,120,100,16
103,206.0000166326675,83,116,96,15
103,207.0000166326675,85,117,95,15
103,208.0000166326675,94,129,107,19
103,209.0000166326675,97,129,112,19
103,210.0000166326675,86,119,100,16
103,211.0000166326675,81,114,94,15
103,212.0000166326675,80,112,88,15
103,213.0000166326675,83,114,91,13
103,214.0000166326675,85,118,95,15
103,215.0000166326675,88,116,95,14
103,216.0000166326675,90,118,97,14
103,217.0000166326675,88,116,96,15
103,218.0000166326675,90,118,97,15
103,219.0000166326675,89,118,97,15
103,220.0000166326675,89,120,99,14
103,221.0000166326675,88,119,97,14
103,222.0000166326675,81,120,96,14
103,223.0000166326675,85,119,98,14
103,224.0000166326675,84,118,96,15
103,225.0000166326675,86,115,98,14
103,226.0000166326675,80,116,99,14
103,227.0000166326675,79,115,97,13
103,228.0000166326675,83,118,98,16
103,229.0000166326675,87,119,99,14
103,230.0000166326675,90,120,99,16
103,231.0000166326675,96,129,108,18
103,232.0000166326675,93,127,104,16
103,233.0000166326675,93,125,103,17
103,234.0000166326675,101,132,110,19
103,235.0000166326675,111,146,123,20
103,236.0000166326675,111,147,125,21
103,237.0000166326675,120,154,134,21
103,238.0000166326675,124,156,142,23
103,239.0000166326675,129,160,143,26
103,240.0000166326675,140,173,158,30
103,241.0000166326675,137,173,156,31
103,242.0000166326675,139,179,166,34
103,243.0000166326675,156,187,177,43
103,244.0000166326675,221,225,226,119
103,245.0000166326675,223,227,229,122
103,246.0000166326675,216,220,224,89
103,247.0000166326675,200,212,216,65
103,248.0000166326675,183,201,203,47
103,249.0000166326675,128,153,144,23
103,250.0000166326675,133,163,146,24
103,251.0000166326675,139,167,154,26
103,252.0000166326675,137,168,151,27
103,253.0000166326675,160,184,172,35
103,254.0000166326675,169,192,185,47
103,255.0000166326675,222,227,228,126
103,256.0000166326675,229,232,235,146
103,257.0000166326675,215,220,224,91
103,258.0000166326675,214,220,222,91
103,259.0000166326675,215,218,222,86
103,260.0000166326675,199,208,211,62
103,261.0000166326675,197,203,207,63
103,262.0000166326675,148,169,172,38
103,263.0000166326675,124,145,147,27
103,264.0000166326675,96,116,109,19
103,265.0000166326675,92,118,101,15
103,266.0000166326675,94,117,102,15
103,267.0000166326675,88,116,100,15
103,268.0000166326675,85,115,100,16
103,269.0000166326675,88,117,102,15
103,270.0000166326675,86,116,100,15
103,271.0000166326675,90,115,98,15
103,272.0000166326675,88,113,101,15
103,273.0000166326675,89,112,101,16
103,274.0000166326675,80,109,95,13
103,275.0000166326675,84,110,94,15
103,276.0000166326675,84,110,93,13
103,277.0000166326675,86,112,98,14
103,278.0000166326675,88,112,95,15
103,279.0000166326675,86,115,100,14
103,280.0000166326675,90,111,95,14
103,281.0000166326675,85,109,96,15
103,282.0000166326675,80,105,91,14
103,283.0000166326675,78,102,87,14
103,284.0000166326675,73,102,89,14
103,285.0000166326675,74,101,88,13
103,286.0000166326675,75,102,90,15
103,287.0000166326675,81,111,98,15
103,288.0000166326675,77,113,98,18
103,289.0000166326675,74,101,88,13
103,290.0000166326675,74,99,87,14
103,291.0000166326675,71,101,87,13
103,292.0000166326675,73,103,92,14
103,293.0000166326675,77,108,92,15
103,294.0000166326675,73,102,87,12
103,295.0000166326675,74,101,89,13
103,296.0000166326675,73,102,88,13
103,297.0000166326675,73,104,90,15
103,298.0000166326675,77,108,94,16
103,299.0000166326675,76,102,90,14
103,300.0000166326675,72,103,90,15
196,0.0,118,105,85,91
196,6.012646565523028e-06,118,105,85,91
196,1.0000060126465655,193,174,136,132
196,2.0000060126465655,200,191,155,133
196,3.0000060126465655,141,126,110,96
196,4.0000060126465655,147,131,103,95
196,5.0000060126465655,136,119,98,91
196,6.0000060126465655,115,100,81,77
196,7.0000060126465655,112,97,81,80
196,8.000006012646566,115,103,86,82
196,9.000006012646566,128,112,91,83
196,10.000006012646566,149,131,109,92
196,11.000006012646566,126,113,92,85
196,12.000006012646566,125,110,91,81
196,13.000006012646566,120,109,94,79
196,14.000006012646566,125,112,93,88
196,15.000006012646566,120,108,88,80
196,16.000006012646566,143,128,107,94
196,17.000006012646566,155,137,116,91
196,18.000006012646566,141,126,112,89
196,19.000006012646566,124,123,102,92
196,20.000006012646566,130,128,110,94
196,21.000006012646566,149,130,113,93
196,22.000006012646566,138,119,104,91
196,23.000006012646566,127,111,97,94
196,24.000006012646566,126,113,94,96
196,25.000006012646566,127,111,94,90
196,26.000006012646566,126,108,94,89
196,27.000006012646566,132,117,94,96
196,28.000006012646566,129,114,95,96
196,29.000006012646566,128,115,95,95
196,30.000006012646566,140,126,98,98
196,31.000006012646566,121,117,91,96
196,32.000006012646566,130,122,99,97
196,33.000006012646566,139,131,106,100
196,34.000006012646566,117,116,100,97
196,35.000006012646566,127,126,98,131
196,36.000006012646566,180,185,159,155
196,37.000006012646566,212,212,201,190
196,38.000006012646566,224,222,217,211
196,39.000006012646566,219,218,215,205
196,40.000006012646566,219,220,216,204
196,41.000006012646566,226,225,221,208
196,42.000006012646566,222,222,217,205
196,43.000006012646566,216,214,208,193
196,44.000006012646566,211,211,207,182
196,45.000006012646566,189,188,172,159
196,46.000006012646566,181,193,165,190
196,47.000006012646566,187,195,175,171
196,48.000006012646566,210,208,203,159
196,49.000006012646566,198,200,197,142
196,50.000006012646566,208,209,204,154
196,51.000006012646566,213,211,206,163
196,52.000006012646566,193,194,188,138
196,53.000006012646566,213,213,211,162
196,54.000006012646566,220,219,217,180
196,55.000006012646566,221,220,219,188
196,56.000006012646566,221,221,220,190
196,57.000006012646566,224,223,222,194
196,58.000006012646566,224,223,222,196
196,59.000006012646566,225,224,222,199
196,60.000006012646566,225,225,222,200
196,61.000006012646566,225,223,222,199
196,62.000006012646566,225,224,223,199
196,63.000006012646566,225,224,223,200
196,64.00000601264657,226,225,223,202
196,65.00000601264657,226,225,223,202
196,66.00000601264657,226,225,224,202
196,67.00000601264657,226,225,224,201
196,68.00000601264657,226,225,223,201
196,69.00000601264657,226,224,223,200
196,70.00000601264657,226,224,223,200
196,71.00000601264657,223,222,221,194
196,72.00000601264657,223,221,220,193
196,73.00000601264657,225,224,223,201
196,74.00000601264657,226,225,223,200
196,75.00000601264657,226,225,223,201
196,76.00000601264657,226,225,223,200
196,77.00000601264657,227,225,223,202
196,78.00000601264657,225,224,223,198
196,79.00000601264657,224,224,222,198
196,80.00000601264657,225,224,222,200
196,81.00000601264657,226,224,223,202
196,82.00000601264657,225,224,222,201
196,83.00000601264657,226,224,222,199
196,84.00000601264657,224,223,221,195
196,85.00000601264657,222,221,219,190
196,86.00000601264657,221,220,219,190
196,87.00000601264657,223,222,221,195
196,88.00000601264657,223,222,221,194
196,89.00000601264657,224,222,220,191
196,90.00000601264657,222,220,219,190
196,91.00000601264657,221,220,218,184
196,92.00000601264657,219,218,216,179
196,93.00000601264657,218,217,215,173
196,94.00000601264657,216,214,212,163
196,95.00000601264657,214,212,208,152
196,96.00000601264657,211,210,206,146
196,97.00000601264657,210,207,200,142
196,98.00000601264657,210,207,198,140
196,99.00000601264657,209,193,186,128
196,100.00000601264657,207,171,173,131
196,101.00000601264657,184,167,161,92
196,102.00000601264657,196,193,174,111
196,103.00000601264657,196,192,178,109
196,104.00000601264657,201,195,180,116
196,105.00000601264657,199,194,178,112
196,106.00000601264657,196,191,173,109
196,107.00000601264657,197,190,174,109
196,108.00000601264657,196,193,181,113
196,109.00000601264657,203,200,192,118
196,110.00000601264657,200,197,189,113
196,111.00000601264657,196,191,180,107
196,112.00000601264657,196,193,181,108
196,113.00000601264657,196,191,182,105
196,114.00000601264657,190,184,173,97
196,115.00000601264657,188,178,159,92
196,116.00000601264657,186,176,156,96
196,117.00000601264657,189,179,160,97
196,118.00000601264657,192,185,163,91
196,119.00000601264657,192,186,166,84
196,120.00000601264657,191,188,165,63
196,121.00000601264657,190,188,162,54
196,122.00000601264657,172,169,145,37
196,123.00000601264657,169,170,143,29
196,124.00000601264657,167,171,139,27
196,125.00000601264657,166,168,139,25
196,126.00000601264657,164,169,139,24
196,127.00000601264657,163,168,138,22
196,128.00000601264657,161,167,137,22
196,129.00000601264657,155,165,134,22
196,130.00000601264657,152,162,133,21
196,131.00000601264657,151,165,133,21
196,132.00000601264657,154,169,145,25
196,133.00000601264657,160,176,153,31
196,134.00000601264657,169,181,160,32
196,135.00000601264657,168,179,159,31
196,136.00000601264657,182,186,167,39
196,137.00000601264657,185,188,168,41
196,138.00000601264657,187,188,167,41
196,139.00000601264657,186,187,166,42
196,140.00000601264657,191,195,182,47
196,141.00000601264657,196,200,195,49
196,142.00000601264657,200,203,198,54
196,143.00000601264657,198,202,195,51
196,144.00000601264657,189,186,170,36
196,145.00000601264657,165,170,147,27
196,146.00000601264657,166,170,141,25
196,147.00000601264657,166,173,146,25
196,148.00000601264657,152,165,136,21
196,149.00000601264657,148,162,130,18
196,150.00000601264657,146,161,127,18
196,151.00000601264657,147,162,131,18
196,152.00000601264657,153,168,135,19
196,153.00000601264657,152,166,132,20
196,154.00000601264657,151,164,131,19
196,155.00000601264657,160,166,134,21
196,156.00000601264657,157,169,140,21
196,157.00000601264657,157,173,141,22
196,158.00000601264657,145,167,138,21
196,159.00000601264657,144,165,136,21
196,160.00000601264657,165,185,163,33
196,161.00000601264657,179,195,183,43
196,162.00000601264657,181,192,186,41
196,163.00000601264657,153,172,157,24
196,164.00000601264657,150,167,137,21
196,165.00000601264657,163,176,150,26
196,166.00000601264657,162,180,155,27
196,167.00000601264657,174,190,172,33
196,168.00000601264657,181,194,178,37
196,169.00000601264657,185,195,185,37
196,170.00000601264657,186,198,185,40
196,171.00000601264657,182,195,187,37
196,172.00000601264657,191,202,200,45
196,173.00000601264657,200,207,204,53
196,174.00000601264657,193,204,206,48
196,175.00000601264657,200,208,207,57
196,176.00000601264657,209,215,216,80
196,177.00000601264657,214,219,220,93
196,178.00000601264657,218,222,225,105
196,179.00000601264657,213,217,220,88
196,180.00000601264657,211,217,219,78
196,181.00000601264657,174,189,191,35
196,182.00000601264657,152,172,155,24
196,183.00000601264657,165,175,147,28
196,184.00000601264657,135,163,143,21
196,185.00000601264657,128,152,117,17
196,186.00000601264657,123,147,120,17
196,187.00000601264657,110,136,112,17
196,188.00000601264657,112,134,104,14
196,189.00000601264657,106,131,103,15
196,190.00000601264657,113,139,110,17
196,191.00000601264657,115,139,113,17
196,192.00000601264657,110,137,112,16
196,193.00000601264657,112,142,116,19
196,194.00000601264657,127,153,127,25
196,195.00000601264657,121,150,127,22
196,196.00000601264657,113,143,119,19
196,197.00000601264657,103,133,107,16
196,198.00000601264657,108,138,110,15
196,199.00000601264657,111,137,114,18
196,200.00000601264657,105,136,113,19
196,201.00000601264657,105,134,110,19
196,202.00000601264657,101,132,111,16
196,203.00000601264657,94,124,101,15
196,204.00000601264657,89,117,95,14
196,205.00000601264657,87,116,92,14
196,206.00000601264657,90,120,95,14
196,207.00000601264657,91,121,95,14
196,208.00000601264657,92,123,92,16
196,209.00000601264657,103,134,108,18
196,210.00000601264657,108,137,114,18
196,211.00000601264657,91,124,97,14
196,212.00000601264657,91,123,95,13
196,213.00000601264657,95,124,98,15
196,214.00000601264657,93,127,101,14
196,215.00000601264657,90,124,94,14
196,216.00000601264657,92,123,91,14
196,217.00000601264657,89,122,94,14
196,218.00000601264657,88,120,95,14
196,219.00000601264657,93,122,95,15
196,220.00000601264657,94,129,106,14
196,221.00000601264657,105,142,118,22
196,222.00000601264657,126,170,139,33
196,223.00000601264657,93,132,109,15
196,224.00000601264657,90,128,100,15
196,225.00000601264657,90,124,98,15
196,226.00000601264657,89,125,99,15
196,227.00000601264657,90,122,97,15
196,228.00000601264657,87,120,94,15
196,229.00000601264657,93,123,97,15
196,230.00000601264657,110,144,119,19
196,231.00000601264657,114,148,126,22
196,232.00000601264657,140,169,153,31
196,233.00000601264657,143,173,158,30
196,234.00000601264657,143,178,162,32
196,235.00000601264657,132,158,147,24
196,236.00000601264657,123,153,137,22
196,237.00000601264657,131,161,145,26
196,238.00000601264657,129,160,143,26
196,239.00000601264657,131,164,152,27
196,240.00000601264657,141,170,153,32
196,241.00000601264657,183,202,204,59
196,242.00000601264657,239,239,239,164
196,243.00000601264657,230,234,238,119
196,244.00000601264657,221,223,225,78
196,245.00000601264657,204,210,216,49
196,246.00000601264657,111,129,118,16
196,247.00000601264657,114,132,112,16
196,248.00000601264657,114,140,115,16
196,249.00000601264657,117,143,114,16
196,250.00000601264657,114,139,108,17
196,251.00000601264657,109,134,105,14
196,252.00000601264657,117,134,108,16
196,253.00000601264657,118,138,110,16
196,254.00000601264657,116,138,112,17
196,255.00000601264657,124,145,121,20
196,256.00000601264657,119,139,118,14
196,257.00000601264657,113,130,105,15
196,258.00000601264657,109,130,104,15
196,259.00000601264657,107,126,102,15
196,260.00000601264657,107,125,98,14
196,261.00000601264657,111,126,98,14
196,262.00000601264657,111,127,102,15
196,263.00000601264657,106,126,102,15
196,264.00000601264657,107,129,108,17
196,265.00000601264657,111,136,117,20
196,266.00000601264657,100,134,116,18
196,267.00000601264657,94,126,106,17
196,268.00000601264657,83,115,92,14
196,269.00000601264657,82,110,90,13
196,270.00000601264657,82,111,90,15
196,271.00000601264657,83,112,88,14
196,272.00000601264657,81,106,83,12
196,273.00000601264657,81,107,84,12
196,274.00000601264657,83,104,85,13
196,275.00000601264657,86,111,91,15
196,276.00000601264657,89,114,89,14
196,277.00000601264657,89,116,93,13
196,278.00000601264657,88,113,91,14
196,279.00000601264657,85,112,90,13
196,280.00000601264657,86,117,98,15
196,281.00000601264657,91,118,98,15
196,282.00000601264657,82,110,93,14
196,283.00000601264657,81,110,91,14
196,284.00000601264657,83,112,90,15
196,285.00000601264657,83,111,89,14
196,286.00000601264657,80,111,87,14
196,287.00000601264657,82,110,90,15
196,288.00000601264657,80,109,89,13
196,289.00000601264657,83,110,94,15
196,290.00000601264657,99,124,102,21
196,291.00000601264657,76,108,88,13
196,292.00000601264657,81,108,89,14
196,293.00000601264657,83,115,91,16
196,294.00000601264657,98,124,100,19
196,295.00000601264657,81,109,90,15
196,296.00000601264657,76,102,83,13
196,297.00000601264657,83,116,94,17
196,298.00000601264657,77,108,88,14
196,299.00000601264657,76,105,85,14
196,300.00000601264657,71,102,84,13
462,0.0,143,134,103,99
462,6.983120874792803e-05,143,134,103,99
462,1.000069831208748,145,134,107,100
462,2.000069831208748,145,134,109,105
462,3.000069831208748,147,134,105,106
462,4.000069831208748,145,134,103,105
462,5.000069831208748,140,132,101,108
462,6.000069831208748,151,138,104,112
462,7.000069831208748,153,141,105,110
462,8.000069831208748,149,140,108,121
462,9.000069831208748,149,141,107,125
462,10.000069831208748,147,144,113,122
462,11.000069831208748,156,145,113,128
462,12.000069831208748,152,146,109,115
462,13.000069831208748,154,148,108,130
462,14.000069831208748,152,151,114,136
462,15.000069831208748,153,150,115,135
462,16.000069831208748,151,141,109,111
462,17.000069831208748,156,143,115,113
462,18.000069831208748,160,154,121,121
462,19.000069831208748,156,152,125,115
462,20.000069831208748,165,154,125,123
462,21.000069831208748,168,159,126,136
462,22.000069831208748,170,165,128,137
462,23.000069831208748,170,156,128,130
462,24.000069831208748,181,170,135,141
462,25.000069831208748,178,172,135,142
462,26.000069831208748,175,168,128,142
462,27.000069831208748,174,174,135,156
462,28.000069831208748,177,171,134,152
462,29.000069831208748,166,166,127,152
462,30.000069831208748,157,165,124,155
462,31.000069831208748,163,169,124,161
462,32.00006983120875,174,172,132,173
462,33.00006983120875,180,176,138,168
462,34.00006983120875,184,184,152,168
462,35.00006983120875,191,193,157,179
462,36.00006983120875,201,198,167,172
462,37.00006983120875,208,206,180,173
462,38.00006983120875,207,206,181,179
462,39.00006983120875,215,211,190,198
462,40.00006983120875,220,219,200,208
462,41.00006983120875,219,219,200,208
462,42.00006983120875,227,225,212,211
462,43.00006983120875,228,226,212,212
462,44.00006983120875,232,229,216,212
462,45.00006983120875,232,230,217,217
462,46.00006983120875,228,227,214,211
462,47.00006983120875,226,224,210,202
462,48.00006983120875,234,231,219,213
462,49.00006983120875,235,233,221,216
462,50.00006983120875,231,230,218,203
462,51.00006983120875,218,217,203,201
462,52.00006983120875,212,210,193,178
462,53.00006983120875,210,205,193,139
462,54.00006983120875,214,210,200,137
462,55.00006983120875,220,217,207,149
462,56.00006983120875,223,220,210,159
462,57.00006983120875,224,221,211,163
462,58.00006983120875,224,223,212,167
462,59.00006983120875,226,223,214,177
462,60.00006983120875,227,224,215,178
462,61.00006983120875,229,225,216,187
462,62.00006983120875,229,226,216,185
462,63.00006983120875,229,226,216,189
462,64.00006983120875,230,227,216,189
462,65.00006983120875,230,227,216,192
462,66.00006983120875,230,227,216,194
462,67.00006983120875,230,228,217,194
462,68.00006983120875,230,228,217,195
462,69.00006983120875,230,227,216,189
462,70.00006983120875,230,227,216,190
462,71.00006983120875,229,227,217,191
462,72.00006983120875,230,227,216,191
462,73.00006983120875,230,227,216,191
462,74.00006983120875,230,227,216,192
462,75.00006983120875,230,227,217,192
462,76.00006983120875,231,227,217,194
462,77.00006983120875,230,227,216,193
462,78.00006983120875,229,227,216,192
462,79.00006983120875,230,227,216,193
462,80.00006983120875,229,226,215,192
462,81.00006983120875,229,226,215,188
462,82.00006983120875,229,226,215,189
462,83.00006983120875,229,226,215,191
462,84.00006983120875,228,226,215,189
462,85.00006983120875,228,226,214,189
462,86.00006983120875,228,226,215,188
462,87.00006983120875,228,226,214,190
462,88.00006983120875,229,226,215,192
462,89.00006983120875,229,226,215,188
462,90.00006983120875,228,225,213,186
462,91.00006983120875,228,225,213,186
462,92.00006983120875,227,224,213,183
462,93.00006983120875,227,224,212,183
462,94.00006983120875,226,224,212,181
462,95.00006983120875,226,223,211,179
462,96.00006983120875,220,217,202,154
462,97.00006983120875,218,214,198,140
462,98.00006983120875,214,207,189,133
462,99.00006983120875,212,207,188,130
462,100.00006983120875,207,203,179,118
462,101.00006983120875,207,199,181,114
462,102.00006983120875,210,203,185,121
462,103.00006983120875,211,205,189,124
462,104.00006983120875,202,196,175,106
462,105.00006983120875,203,195,174,102
462,106.00006983120875,206,201,182,113
462,107.00006983120875,206,201,182,113
462,108.00006983120875,205,196,177,104
462,109.00006983120875,204,199,176,109
462,110.00006983120875,200,195,171,105
462,111.00006983120875,192,181,147,79
462,112.00006983120875,186,175,142,67
462,113.00006983120875,185,174,137,64
462,114.00006983120875,178,171,138,62
462,115.00006983120875,181,171,139,62
462,116.00006983120875,184,172,143,64
462,117.00006983120875,188,173,142,59
462,118.00006983120875,185,176,142,55
462,119.00006983120875,183,174,144,49
462,120.00006983120875,180,172,141,47
462,121.00006983120875,178,171,139,46
462,122.00006983120875,173,169,134,39
462,123.00006983120875,170,168,137,36
462,124.00006983120875,166,169,134,29
462,125.00006983120875,166,165,133,28
462,126.00006983120875,163,168,133,27
462,127.00006983120875,161,163,131,24
462,128.00006983120875,158,159,126,21
462,129.00006983120875,151,159,122,20
462,130.00006983120875,153,159,126,20
462,131.00006983120875,155,159,127,19
462,132.00006983120875,155,161,129,21
462,133.00006983120875,161,167,136,23
462,134.00006983120875,166,170,139,27
462,135.00006983120875,188,188,162,39
462,136.00006983120875,214,215,205,64
462,137.00006983120875,205,210,199,52
462,138.00006983120875,184,185,161,37
462,139.00006983120875,176,176,151,36
462,140.00006983120875,169,167,138,29
462,141.00006983120875,164,167,137,25
462,142.00006983120875,163,166,133,22
462,143.00006983120875,153,163,131,22
462,144.00006983120875,148,161,127,19
462,145.00006983120875,147,157,126,19
462,146.00006983120875,143,155,125,18
462,147.00006983120875,143,153,120,17
462,148.00006983120875,134,151,114,17
462,149.00006983120875,133,151,115,14
462,150.00006983120875,135,151,117,15
462,151.00006983120875,137,147,116,16
462,152.00006983120875,137,148,120,15
462,153.00006983120875,130,146,113,17
462,154.00006983120875,131,151,121,17
462,155.00006983120875,125,147,116,17
462,156.00006983120875,119,146,112,16
462,157.00006983120875,116,143,114,15
462,158.00006983120875,118,143,114,16
462,159.00006983120875,118,146,116,14
462,160.00006983120875,119,146,117,16
462,161.00006983120875,130,154,125,16
462,162.00006983120875,154,175,153,23
462,163.00006983120875,165,179,163,28
462,164.00006983120875,191,203,189,42
462,165.00006983120875,192,203,187,48
462,166.00006983120875,188,200,186,44
462,167.00006983120875,186,193,179,40
462,168.00006983120875,178,186,166,37
462,169.00006983120875,165,173,154,27
462,170.00006983120875,173,177,150,28
462,171.00006983120875,186,192,171,35
462,172.00006983120875,217,218,212,74
462,173.00006983120875,215,217,209,72
462,174.00006983120875,212,214,207,67
462,175.00006983120875,221,222,215,92
462,176.00006983120875,217,219,211,83
462,177.00006983120875,172,187,164,41
462,178.00006983120875,133,148,116,21
462,179.00006983120875,125,141,110,16
462,180.00006983120875,108,132,102,16
462,181.00006983120875,106,131,108,16
462,182.00006983120875,102,131,104,15
462,183.00006983120875,98,125,101,15
462,184.00006983120875,99,127,103,15
462,185.00006983120875,107,131,104,14
462,186.00006983120875,110,136,103,14
462,187.00006983120875,109,134,104,14
462,188.00006983120875,111,137,105,17
462,189.00006983120875,106,134,109,14
462,190.00006983120875,107,134,110,14
462,191.00006983120875,102,130,104,13
462,192.00006983120875,100,128,102,16
462,193.00006983120875,92,124,98,14
462,194.00006983120875,95,127,97,14
462,195.00006983120875,90,122,98,14
462,196.00006983120875,82,117,95,12
462,197.00006983120875,85,118,93,12
462,198.00006983120875,88,121,97,13
462,199.00006983120875,86,123,99,13
462,200.00006983120875,83,120,98,14
462,201.00006983120875,87,121,94,13
462,202.00006983120875,87,122,96,14
462,203.00006983120875,87,120,96,14
462,204.00006983120875,87,120,95,13
462,205.00006983120875,85,119,97,12
462,206.00006983120875,85,118,97,12
462,207.00006983120875,88,118,95,13
462,208.00006983120875,88,121,90,12
462,209.00006983120875,93,120,95,13
462,210.00006983120875,88,117,90,12
462,211.00006983120875,85,116,91,13
462,212.00006983120875,87,118,93,13
462,213.00006983120875,88,123,99,13
462,214.00006983120875,90,124,101,14
462,215.00006983120875,83,117,92,13
462,216.00006983120875,81,118,94,12
462,217.00006983120875,107,139,121,21
462,218.00006983120875,97,133,111,15
462,219.00006983120875,88,123,102,13
462,220.00006983120875,83,117,95,10
462,221.00006983120875,80,119,91,13
462,222.00006983120875,89,120,98,13
462,223.00006983120875,85,126,100,14
462,224.00006983120875,91,126,108,13
462,225.00006983120875,100,137,115,16
462,226.00006983120875,138,167,148,22
462,227.00006983120875,135,172,150,27
462,228.00006983120875,138,171,161,28
462,229.00006983120875,151,182,170,33
462,230.00006983120875,158,186,175,35
462,231.00006983120875,146,181,159,28
462,232.00006983120875,159,186,174,30
462,233.00006983120875,138,180,156,27
462,234.00006983120875,150,181,161,25
462,235.00006983120875,156,186,166,27
462,236.00006983120875,143,177,153,21
462,237.00006983120875,139,171,148,19
462,238.00006983120875,136,164,140,20
462,239.00006983120875,143,173,148,22
462,240.00006983120875,144,173,148,21
462,241.00006983120875,140,168,138,21
462,242.00006983120875,139,160,137,20
462,243.00006983120875,135,166,140,21
462,244.00006983120875,116,148,118,16
462,245.00006983120875,118,145,121,16
462,246.00006983120875,116,143,118,17
462,247.00006983120875,111,140,113,14
462,248.00006983120875,110,136,108,13
462,249.00006983120875,109,131,104,13
462,250.00006983120875,103,128,104,13
462,251.00006983120875,106,128,104,14
462,252.00006983120875,108,129,104,14
462,253.00006983120875,108,131,106,14
462,254.00006983120875,105,128,105,12
462,255.00006983120875,103,129,106,13
462,256.00006983120875,101,131,105,12
462,257.00006983120875,104,135,109,14
462,258.00006983120875,105,133,108,14
462,259.00006983120875,104,133,108,13
462,260.00006983120875,102,132,104,11
462,261.00006983120875,104,127,103,12
462,262.00006983120875,102,124,102,11
462,263.00006983120875,99,127,101,11
462,264.00006983120875,97,125,104,11
462,265.00006983120875,94,117,92,12
462,266.00006983120875,90,117,96,12
462,267.00006983120875,90,115,97,12
462,268.00006983120875,93,115,93,12
462,269.00006983120875,90,118,94,15
462,270.00006983120875,89,117,94,10
462,271.00006983120875,87,116,96,11
462,272.00006983120875,87,115,99,13
462,273.00006983120875,86,118,89,12
462,274.00006983120875,91,117,94,12
462,275.00006983120875,92,117,97,12
462,276.00006983120875,87,117,94,11
462,277.00006983120875,87,117,94,10
462,278.00006983120875,87,117,94,12
462,279.00006983120875,89,121,94,12
462,280.00006983120875,90,119,94,11
462,281.00006983120875,91,119,93,11
462,282.00006983120875,86,119,100,12
462,283.00006983120875,86,113,95,12
462,284.00006983120875,90,123,94,12
462,285.00006983120875,91,125,97,12
462,286.00006983120875,94,122,99,12
462,287.00006983120875,84,115,91,11
462,288.00006983120875,84,112,86,11
462,289.00006983120875,87,114,97,13
462,290.00006983120875,84,111,91,10
462,291.00006983120875,83,113,92,12
462,292.00006983120875,87,119,96,11
462,293.00006983120875,86,114,94,10
462,294.00006983120875,78,106,82,12
462,295.00006983120875,89,113,93,11
462,296.00006983120875,85,114,93,11
462,297.00006983120875,80,110,90,10
462,298.00006983120875,84,113,85,11
462,299.00006983120875,81,117,92,11
462,300.00006983120875,85,112,92,12
586,0.0,162,161,125,128
586,1.9264293086962425e-05,162,161,125,128
586,1.000019264293087,146,137,110,116
586,2.000019264293087,141,131,104,109
586,3.000019264293087,139,127,103,102
586,4.000019264293087,133,126,98,101
586,5.000019264293087,132,126,102,101
586,6.000019264293087,139,139,106,119
586,7.000019264293087,142,139,110,123
586,8.000019264293087,145,142,114,121
586,9.000019264293087,131,129,98,109
586,10.000019264293087,126,126,92,114
586,11.000019264293087,132,128,95,112
586,12.000019264293087,128,119,87,105
586,13.000019264293087,131,120,100,103
586,14.000019264293087,148,139,115,112
586,15.000019264293087,147,149,112,128
586,16.000019264293087,147,145,115,130
586,17.000019264293087,149,146,111,139
586,18.000019264293087,151,135,111,119
586,19.000019264293087,150,133,106,118
586,20.000019264293087,145,137,112,130
586,21.000019264293087,156,144,117,124
586,22.000019264293087,161,146,115,123
586,23.000019264293087,160,141,117,117
586,24.000019264293087,158,142,115,118
586,25.000019264293087,164,151,121,120
586,26.000019264293087,160,142,117,119
586,27.000019264293087,157,142,113,115
586,28.000019264293087,167,151,125,121
586,29.000019264293087,170,156,125,123
586,30.000019264293087,171,154,124,124
586,31.000019264293087,161,145,120,124
586,32.00001926429309,158,146,115,127
586,33.00001926429309,159,144,116,127
586,34.00001926429309,173,160,135,126
586,35.00001926429309,180,169,142,132
586,36.00001926429309,192,181,155,134
586,37.00001926429309,203,197,172,149
586,38.00001926429309,207,200,180,157
586,39.00001926429309,203,200,177,162
586,40.00001926429309,201,198,175,162
586,41.00001926429309,200,198,173,159
586,42.00001926429309,198,190,166,146
586,43.00001926429309,206,199,181,156
586,44.00001926429309,217,214,203,185
586,45.00001926429309,233,231,222,213
586,46.00001926429309,235,232,222,214
586,47.00001926429309,226,225,215,196
586,48.00001926429309,204,203,184,132
586,49.00001926429309,189,189,170,114
586,50.00001926429309,208,205,197,117
586,51.00001926429309,216,215,208,141
586,52.00001926429309,218,216,209,148
586,53.00001926429309,221,220,211,163
586,54.00001926429309,227,224,216,184
586,55.00001926429309,226,224,216,186
586,56.00001926429309,226,224,215,186
586,57.00001926429309,226,224,215,186
586,58.00001926429309,227,226,216,190
586,59.00001926429309,229,227,218,197
586,60.00001926429309,229,227,218,197
586,61.00001926429309,228,226,217,197
586,62.00001926429309,226,224,214,191
586,63.00001926429309,225,222,212,190
586,64.00001926429309,229,227,217,197
586,65.00001926429309,228,227,217,196
586,66.00001926429309,228,227,217,195
586,67.00001926429309,228,227,217,196
586,68.00001926429309,229,227,218,197
586,69.00001926429309,228,227,218,196
586,70.00001926429309,229,226,217,195
586,71.00001926429309,228,226,217,195
586,72.00001926429309,228,227,217,196
586,73.00001926429309,229,227,217,198
586,74.00001926429309,229,227,218,197
586,75.00001926429309,228,227,217,197
586,76.00001926429309,228,226,216,196
586,77.00001926429309,228,226,216,193
586,78.00001926429309,227,224,215,193
586,79.00001926429309,226,223,214,190
586,80.00001926429309,226,224,215,189
586,81.00001926429309,225,223,214,186
586,82.00001926429309,224,222,212,182
586,83.00001926429309,225,222,212,185
586,84.00001926429309,224,222,213,183
586,85.00001926429309,225,223,213,185
586,86.00001926429309,224,223,212,182
586,87.00001926429309,224,222,211,181
586,88.00001926429309,224,222,212,181
586,89.00001926429309,224,222,212,182
586,90.00001926429309,223,221,211,178
586,91.00001926429309,219,216,205,161
586,92.00001926429309,215,213,198,146
586,93.00001926429309,214,211,196,143
586,94.00001926429309,213,209,195,138
586,95.00001926429309,210,208,192,131
586,96.00001926429309,210,207,191,130
586,97.00001926429309,208,204,187,123
586,98.00001926429309,208,204,188,121
586,99.00001926429309,207,203,186,123
586,100.00001926429309,206,202,186,116
586,101.00001926429309,205,202,183,113
586,102.00001926429309,207,202,187,114
586,103.00001926429309,209,205,192,119
586,104.00001926429309,210,207,193,124
586,105.00001926429309,206,202,186,117
586,106.00001926429309,208,204,192,119
586,107.00001926429309,207,200,185,115
586,108.00001926429309,212,207,195,131
586,109.00001926429309,210,208,193,130
586,110.00001926429309,206,202,184,116
586,111.00001926429309,196,186,161,96
586,112.00001926429309,192,182,159,91
586,113.00001926429309,192,181,153,82
586,114.00001926429309,189,177,145,68
586,115.00001926429309,188,176,143,68
586,116.00001926429309,189,177,147,61
586,117.00001926429309,186,178,152,58
586,118.00001926429309,188,178,149,59
586,119.00001926429309,184,174,147,51
586,120.00001926429309,180,172,143,45
586,121.00001926429309,173,173,140,40
586,122.00001926429309,174,174,140,33
586,123.00001926429309,172,171,138,30
586,124.00001926429309,169,170,134,26
586,125.00001926429309,165,168,138,26
586,126.00001926429309,163,166,137,24
586,127.00001926429309,161,167,140,20
586,128.0000192642931,163,166,134,21
586,129.0000192642931,166,169,136,21
586,130.0000192642931,173,171,142,27
586,131.0000192642931,175,172,144,35
586,132.0000192642931,176,172,143,38
586,133.0000192642931,184,178,151,38
586,134.0000192642931,182,176,148,38
586,135.0000192642931,179,175,144,37
586,136.0000192642931,185,174,146,36
586,137.0000192642931,182,176,149,38
586,138.0000192642931,182,182,153,39
586,139.0000192642931,177,184,158,33
586,140.0000192642931,176,180,150,30
586,141.0000192642931,174,174,148,26
586,142.0000192642931,189,198,182,33
586,143.0000192642931,183,189,176,33
586,144.0000192642931,194,202,193,40
586,145.0000192642931,194,202,191,43
586,146.0000192642931,190,196,184,37
586,147.0000192642931,179,185,162,31
586,148.0000192642931,176,181,158,29
586,149.0000192642931,174,178,151,31
586,150.0000192642931,175,174,145,31
586,151.0000192642931,169,170,138,31
586,152.0000192642931,167,172,149,25
586,153.0000192642931,153,164,132,20
586,154.0000192642931,154,162,132,17
586,155.0000192642931,147,162,133,14
586,156.0000192642931,143,159,126,14
586,157.0000192642931,136,155,120,14
586,158.0000192642931,132,148,120,14
586,159.0000192642931,125,149,119,13
586,160.0000192642931,131,148,116,12
586,161.0000192642931,125,150,115,11
586,162.0000192642931,126,153,118,12
586,163.0000192642931,118,148,116,11
586,164.0000192642931,117,147,116,13
586,165.0000192642931,112,145,112,12
586,166.0000192642931,111,141,111,11
586,167.0000192642931,111,140,108,11
586,168.0000192642931,107,137,113,13
586,169.0000192642931,106,137,109,11
586,170.0000192642931,107,138,108,11
586,171.0000192642931,106,137,112,10
586,172.0000192642931,106,136,108,11
586,173.0000192642931,110,140,107,11
586,174.0000192642931,107,138,111,12
586,175.0000192642931,112,148,113,13
586,176.0000192642931,116,148,115,14
586,177.0000192642931,117,149,118,12
586,178.0000192642931,124,152,120,12
586,179.0000192642931,131,155,119,13
586,180.0000192642931,136,163,131,13
586,181.0000192642931,143,164,136,17
586,182.0000192642931,191,201,192,34
586,183.0000192642931,193,205,195,38
586,184.0000192642931,168,195,171,29
586,185.0000192642931,140,163,132,16
586,186.0000192642931,137,165,136,16
586,187.0000192642931,145,170,140,14
586,188.0000192642931,156,181,161,22
586,189.0000192642931,157,182,168,25
586,190.0000192642931,153,172,154,21
586,191.0000192642931,148,171,146,19
586,192.0000192642931,148,165,136,17
586,193.0000192642931,145,161,131,15
586,194.0000192642931,157,168,152,19
586,195.0000192642931,169,187,167,23
586,196.0000192642931,122,151,127,16
586,197.0000192642931,115,141,117,13
586,198.0000192642931,122,150,129,15
586,199.0000192642931,118,160,134,18
586,200.0000192642931,102,137,112,13
586,201.0000192642931,103,131,103,12
586,202.0000192642931,101,135,107,12
586,203.0000192642931,106,133,113,11
586,204.0000192642931,102,136,106,11
586,205.0000192642931,107,137,107,11
586,206.0000192642931,105,133,104,10
586,207.0000192642931,107,134,107,11
586,208.0000192642931,103,137,110,11
586,209.0000192642931,107,138,108,12
586,210.0000192642931,102,136,106,10
586,211.0000192642931,105,138,108,10
586,212.0000192642931,94,135,106,11
586,213.0000192642931,95,133,103,11
586,214.0000192642931,93,129,106,10
586,215.0000192642931,90,131,105,10
586,216.0000192642931,87,127,104,9
586,217.0000192642931,91,129,100,10
586,218.0000192642931,93,132,110,11
586,219.0000192642931,91,133,112,11
586,220.0000192642931,94,135,108,12
586,221.0000192642931,86,127,101,10
586,222.0000192642931,83,121,97,11
586,223.0000192642931,79,120,94,9
586,224.0000192642931,79,122,101,10
586,225.0000192642931,78,121,99,10
586,226.0000192642931,78,118,94,9
586,227.0000192642931,75,120,98,10
586,228.0000192642931,75,119,97,9
586,229.0000192642931,76,120,99,9
586,230.0000192642931,80,122,99,10
586,231.0000192642931,80,121,97,10
586,232.0000192642931,77,120,99,10
586,233.0000192642931,77,119,94,9
586,234.0000192642931,74,115,101,11
586,235.0000192642931,82,123,102,11
586,236.0000192642931,87,127,106,13
586,237.0000192642931,89,129,110,12
586,238.0000192642931,91,135,110,13
586,239.0000192642931,88,136,113,12
586,240.0000192642931,87,135,115,11
586,241.0000192642931,97,140,117,12
586,242.0000192642931,97,145,124,13
586,243.0000192642931,126,169,159,21
586,244.0000192642931,178,201,195,35
586,245.0000192642931,197,207,202,47
586,246.0000192642931,211,218,215,73
586,247.0000192642931,218,223,220,89
586,248.0000192642931,223,230,227,109
586,249.0000192642931,208,217,210,66
586,250.0000192642931,201,211,205,54
586,251.0000192642931,173,199,190,38
586,252.0000192642931,150,185,165,25
586,253.0000192642931,149,177,156,21
586,254.0000192642931,138,169,145,22
586,255.0000192642931,145,173,144,20
586,256.0000192642931,151,175,147,19
586,257.0000192642931,146,173,150,20
586,258.0000192642931,143,168,142,18
586,259.0000192642931,136,158,134,16
586,260.0000192642931,128,151,126,16
586,261.0000192642931,131,152,124,15
586,262.0000192642931,122,146,122,13
586,263.0000192642931,123,140,119,14
586,264.0000192642931,126,145,117,14
586,265.0000192642931,126,144,118,13
586,266.0000192642931,129,145,122,14
586,267.0000192642931,111,144,117,13
586,268.0000192642931,110,137,114,12
586,269.0000192642931,94,130,109,10
586,270.0000192642931,86,123,101,11
586,271.0000192642931,83,118,99,11
586,272.0000192642931,77,117,95,9
586,273.0000192642931,87,120,99,8
586,274.0000192642931,82,116,97,10
586,275.0000192642931,76,114,93,11
586,276.0000192642931,79,111,91,10
586,277.0000192642931,78,111,90,10
586,278.0000192642931,79,110,90,9
586,279.0000192642931,79,115,90,10
586,280.0000192642931,84,114,93,10
586,281.0000192642931,75,112,91,9
586,282.0000192642931,78,112,91,10
586,283.0000192642931,80,114,94,9
586,284.0000192642931,77,117,91,9
586,285.0000192642931,75,119,91,10
586,286.0000192642931,76,119,93,11
586,287.0000192642931,76,113,93,9
586,288.0000192642931,77,115,93,10
586,289.0000192642931,73,114,91,9
586,290.0000192642931,71,114,91,10
586,291.0000192642931,71,110,90,13
586,292.0000192642931,66,105,88,9
586,293.0000192642931,67,106,91,11
586,294.0000192642931,69,113,91,9
586,295.0000192642931,68,110,92,11
586,296.0000192642931,65,109,91,9
586,297.0000192642931,66,105,90,9
586,298.0000192642931,66,105,86,9
586,299.0000192642931,67,104,85,9
586,300.0000192642931,68,104,86,7
664,0.0,121,102,86,101
664,8.635789242816827e-06,121,102,86,101
664,1.0000086357892428,120,103,85,102
664,2.000008635789243,125,111,91,105
664,3.000008635789243,122,107,88,105
664,4.000008635789243,122,106,88,98
664,5.000008635789243,129,110,93,103
664,6.000008635789243,128,108,97,104
664,7.000008635789243,114,102,84,98
664,8.000008635789243,113,96,80,95
664,9.000008635789243,125,102,87,95
664,10.000008635789243,121,102,86,93
664,11.000008635789243,121,102,87,90
664,12.000008635789243,120,109,86,101
664,13.000008635789243,118,102,89,98
664,14.000008635789243,120,104,87,100
664,15.000008635789243,115,107,84,102
664,16.000008635789243,125,106,90,97
664,17.000008635789243,121,103,86,95
664,18.000008635789243,126,106,90,101
664,19.000008635789243,125,117,92,106
664,20.000008635789243,131,117,95,105
664,21.000008635789243,138,123,97,111
664,22.000008635789243,147,143,107,126
664,23.000008635789243,158,153,117,132
664,24.000008635789243,170,161,126,128
664,25.000008635789243,148,136,112,114
664,26.000008635789243,141,127,104,110
664,27.000008635789243,144,130,107,115
664,28.000008635789243,147,131,108,112
664,29.000008635789243,155,140,113,120
664,30.000008635789243,166,146,116,126
664,31.000008635789243,158,142,113,124
664,32.00000863578924,145,130,109,114
664,33.00000863578924,146,127,103,115
664,34.00000863578924,148,129,103,115
664,35.00000863578924,145,127,108,119
664,36.00000863578924,208,199,185,145
664,37.00000863578924,215,213,198,171
664,38.00000863578924,178,172,137,139
664,39.00000863578924,145,129,106,112
664,40.00000863578924,140,125,104,104
664,41.00000863578924,131,122,105,100
664,42.00000863578924,152,139,117,106
664,43.00000863578924,160,149,129,118
664,44.00000863578924,182,184,157,150
664,45.00000863578924,208,204,189,173
664,46.00000863578924,210,207,194,176
664,47.00000863578924,212,208,198,178
664,48.00000863578924,214,214,203,185
664,49.00000863578924,209,211,197,188
664,50.00000863578924,203,204,191,158
664,51.00000863578924,209,208,199,157
664,52.00000863578924,220,219,210,184
664,53.00000863578924,223,222,214,195
664,54.00000863578924,225,225,216,196
664,55.00000863578924,226,225,215,197
664,56.00000863578924,227,225,216,198
664,57.00000863578924,227,226,217,200
664,58.00000863578924,227,225,215,199
664,59.00000863578924,226,224,215,196
664,60.00000863578924,226,225,215,196
664,61.00000863578924,226,225,215,196
664,62.00000863578924,227,225,215,197
664,63.00000863578924,227,225,215,197
664,64.00000863578924,227,226,215,198
664,65.00000863578924,227,225,215,199
664,66.00000863578924,227,225,216,199
664,67.00000863578924,227,225,215,199
664,68.00000863578924,227,225,215,198
664,69.00000863578924,225,224,214,195
664,70.00000863578924,225,224,214,195
664,71.00000863578924,225,223,213,193
664,72.00000863578924,225,223,214,193
664,73.00000863578924,227,225,215,200
664,74.00000863578924,227,226,216,198
664,75.00000863578924,228,226,216,197
664,76.00000863578924,227,226,216,200
664,77.00000863578924,227,226,216,199
664,78.00000863578924,227,226,216,200
664,79.00000863578924,227,225,216,197
664,80.00000863578924,228,226,215,199
664,81.00000863578924,226,225,216,198
664,82.00000863578924,226,225,215,198
664,83.00000863578924,226,224,214,195
664,84.00000863578924,225,223,213,194
664,85.00000863578924,224,223,213,191
664,86.00000863578924,225,223,213,192
664,87.00000863578924,225,224,214,195
664,88.00000863578924,225,223,213,191
664,89.00000863578924,221,220,210,185
664,90.00000863578924,222,220,210,183
664,91.00000863578924,222,221,211,183
664,92.00000863578924,222,221,210,183
664,93.00000863578924,222,221,211,185
664,94.00000863578924,222,220,211,182
664,95.00000863578924,221,219,208,179
664,96.00000863578924,220,219,208,176
664,97.00000863578924,221,219,209,178
664,98.00000863578924,221,219,209,179
664,99.00000863578924,221,219,208,176
664,100.00000863578924,220,218,207,172
664,101.00000863578924,216,213,200,158
664,102.00000863578924,214,212,198,153
664,103.00000863578924,211,209,194,140
664,104.00000863578924,210,206,188,133
664,105.00000863578924,209,207,189,136
664,106.00000863578924,209,206,189,133
664,107.00000863578924,209,205,187,131
664,108.00000863578924,208,204,186,130
664,109.00000863578924,206,200,180,123
664,110.00000863578924,203,199,173,112
664,111.00000863578924,202,197,177,109
664,112.00000863578924,199,191,163,104
664,113.00000863578924,199,194,171,104
664,114.00000863578924,198,191,171,105
664,115.00000863578924,206,201,187,116
664,116.00000863578924,207,203,192,124
664,117.00000863578924,207,204,190,123
664,118.00000863578924,205,199,183,120
664,119.00000863578924,203,198,182,115
664,120.00000863578924,187,173,142,91
664,121.00000863578924,176,161,133,79
664,122.00000863578924,177,162,132,76
664,123.00000863578924,181,167,136,74
664,124.00000863578924,186,174,138,71
664,125.00000863578924,183,172,142,69
664,126.00000863578924,180,168,137,65
664,127.00000863578924,182,172,138,58
664,128.00000863578924,186,176,145,56
664,129.00000863578924,185,178,149,50
664,130.00000863578924,181,181,155,35
664,131.00000863578924,173,176,143,29
664,132.00000863578924,160,166,135,21
664,133.00000863578924,160,167,131,20
664,134.00000863578924,159,165,133,19
664,135.00000863578924,154,165,134,16
664,136.00000863578924,156,164,131,16
664,137.00000863578924,151,162,130,15
664,138.00000863578924,148,161,130,14
664,139.00000863578924,149,160,133,15
664,140.00000863578924,154,162,132,15
664,141.00000863578924,151,163,128,14
664,142.00000863578924,147,160,128,13
664,143.00000863578924,147,160,128,15
664,144.00000863578924,183,187,167,29
664,145.00000863578924,195,202,196,36
664,146.00000863578924,158,174,144,21
664,147.00000863578924,148,161,129,16
664,148.00000863578924,148,160,125,14
664,149.00000863578924,147,161,134,15
664,150.00000863578924,159,174,150,18
664,151.00000863578924,157,172,147,17
664,152.00000863578924,158,171,141,18
664,153.00000863578924,162,169,142,20
664,154.00000863578924,166,172,140,21
664,155.00000863578924,169,174,144,22
664,156.00000863578924,168,173,143,23
664,157.00000863578924,170,173,148,24
664,158.00000863578924,176,177,151,28
664,159.00000863578924,182,183,160,34
664,160.00000863578924,207,209,202,53
664,161.00000863578924,209,213,207,65
664,162.00000863578924,206,211,204,56
664,163.00000863578924,185,191,175,34
664,164.00000863578924,152,167,138,18
664,165.00000863578924,146,162,133,17
664,166.00000863578924,141,159,131,13
664,167.00000863578924,126,160,131,13
664,168.00000863578924,126,154,125,13
664,169.00000863578924,122,144,119,10
664,170.00000863578924,124,147,120,10
664,171.00000863578924,126,147,122,10
664,172.00000863578924,127,152,118,9
664,173.00000863578924,127,153,123,11
664,174.00000863578924,130,158,126,12
664,175.00000863578924,119,150,118,10
664,176.00000863578924,118,151,118,12
664,177.00000863578924,117,154,128,13
664,178.00000863578924,115,157,134,13
664,179.00000863578924,124,163,143,16
664,180.00000863578924,132,172,154,20
664,181.00000863578924,162,190,175,29
664,182.00000863578924,143,180,163,23
664,183.00000863578924,158,189,179,29
664,184.00000863578924,203,210,206,53
664,185.00000863578924,210,214,211,67
664,186.00000863578924,216,221,215,82
664,187.00000863578924,207,214,209,66
664,188.00000863578924,205,212,208,63
664,189.00000863578924,209,214,209,69
664,190.00000863578924,208,212,207,69
664,191.00000863578924,204,209,203,60
664,192.00000863578924,200,207,199,49
664,193.00000863578924,199,206,197,47
664,194.00000863578924,194,201,188,42
664,195.00000863578924,198,202,191,45
664,196.00000863578924,192,199,187,39
664,197.00000863578924,170,182,160,28
664,198.00000863578924,154,177,161,24
664,199.00000863578924,150,171,154,21
664,200.00000863578924,145,167,151,21
664,201.00000863578924,143,167,145,17
664,202.00000863578924,143,167,144,18
664,203.00000863578924,135,163,140,15
664,204.00000863578924,122,152,127,13
664,205.00000863578924,121,150,125,13
664,206.00000863578924,123,154,127,13
664,207.00000863578924,119,150,119,12
664,208.00000863578924,104,140,113,11
664,209.00000863578924,108,142,115,10
664,210.00000863578924,108,141,109,9
664,211.00000863578924,110,144,122,10
664,212.00000863578924,103,144,113,10
664,213.00000863578924,96,138,111,10
664,214.00000863578924,90,129,103,9
664,215.00000863578924,93,133,106,9
664,216.00000863578924,91,129,105,11
664,217.00000863578924,91,131,104,8
664,218.00000863578924,88,128,103,10
664,219.00000863578924,92,127,101,9
664,220.00000863578924,90,130,103,9
664,221.00000863578924,92,133,104,10
664,222.00000863578924,85,130,107,9
664,223.00000863578924,89,131,106,10
664,224.00000863578924,86,129,107,9
664,225.00000863578924,89,134,111,10
664,226.00000863578924,82,127,105,10
664,227.00000863578924,80,124,97,8
664,228.00000863578924,75,122,97,8
664,229.00000863578924,75,121,99,9
664,230.00000863578924,76,121,98,9
664,231.00000863578924,74,119,100,9
664,232.00000863578924,75,123,99,9
664,233.00000863578924,79,124,100,8
664,234.00000863578924,76,117,95,10
664,235.00000863578924,75,119,95,8
664,236.00000863578924,77,122,96,9
664,237.00000863578924,75,120,98,8
664,238.00000863578924,77,122,100,7
664,239.00000863578924,79,121,103,8
664,240.00000863578924,73,119,94,11
664,241.00000863578924,71,119,95,9
664,242.00000863578924,74,117,96,9
664,243.00000863578924,74,116,96,8
664,244.00000863578924,76,117,93,9
664,245.00000863578924,80,117,97,9
664,246.00000863578924,72,120,97,9
664,247.00000863578924,75,118,95,9
664,248.00000863578924,78,121,98,9
664,249.00000863578924,75,122,97,9
664,250.00000863578924,80,122,102,9
664,251.00000863578924,83,125,105,11
664,252.00000863578924,83,128,110,10
664,253.00000863578924,88,132,113,8
664,254.00000863578924,95,138,119,12
664,255.00000863578924,118,162,147,18
664,256.00000863578924,142,173,167,25
664,257.00000863578924,183,194,187,40
664,258.00000863578924,179,199,194,43
664,259.00000863578924,197,208,204,53
664,260.00000863578924,191,206,199,48
664,261.00000863578924,188,204,195,46
664,262.00000863578924,146,187,173,29
664,263.00000863578924,119,159,141,19
664,264.00000863578924,111,157,138,16
664,265.00000863578924,106,147,122,13
664,266.00000863578924,110,146,118,10
664,267.00000863578924,115,148,118,10
664,268.00000863578924,112,155,125,10
664,269.00000863578924,120,156,132,11
664,270.00000863578924,120,155,118,11
664,271.00000863578924,140,173,151,20
664,272.00000863578924,220,226,226,85
664,273.00000863578924,225,232,229,100
664,274.00000863578924,218,225,222,85
664,275.00000863578924,216,223,221,74
664,276.00000863578924,208,219,211,64
664,277.00000863578924,203,210,206,48
664,278.00000863578924,172,195,180,35
664,279.00000863578924,128,163,138,21
664,280.00000863578924,112,151,130,11
664,281.00000863578924,110,150,126,13
664,282.00000863578924,119,158,141,17
664,283.00000863578924,99,144,118,11
664,284.00000863578924,101,141,113,10
664,285.00000863578924,100,136,117,9
664,286.00000863578924,94,127,106,9
664,287.00000863578924,91,132,102,9
664,288.00000863578924,88,123,101,8
664,289.00000863578924,87,123,101,9
664,290.00000863578924,90,125,98,8
664,291.00000863578924,93,125,102,9
664,292.00000863578924,94,131,114,11
664,293.00000863578924,91,133,109,11
664,294.00000863578924,81,123,100,10
664,295.00000863578924,78,116,97,8
664,296.00000863578924,77,118,96,7
664,297.00000863578924,69,109,91,8
664,298.00000863578924,66,105,95,7
664,299.00000863578924,69,103,95,8
664,300.00000863578924,68,105,94,8
872,0.0,130,113,96,94
872,0.9999535802117521,127,113,100,93
872,1.999953580211752,139,113,101,100
872,2.999953580211752,138,119,105,103
872,3.999953580211752,140,121,108,104
872,4.999953580211752,160,139,125,107
872,5.999953580211752,144,134,122,103
872,6.999953580211752,137,128,114,103
872,7.999953580211752,136,117,103,99
872,8.999953580211752,141,122,108,98
872,9.999953580211752,139,121,102,96
872,10.999953580211752,122,108,98,91
872,11.999953580211752,123,110,95,89
872,12.999953580211752,127,109,99,89
872,13.999953580211752,139,120,107,98
872,14.999953580211752,127,119,102,96
872,15.999953580211752,128,120,101,103
872,16.999953580211752,138,121,103,102
872,17.999953580211752,155,140,115,111
872,18.999953580211752,148,135,112,107
872,19.999953580211752,164,143,123,116
872,20.999953580211752,165,149,128,114
872,21.999953580211752,168,150,124,117
872,22.999953580211752,179,156,138,121
872,23.999953580211752,157,143,127,122
872,24.999953580211752,162,142,121,116
872,25.999953580211752,169,150,125,124
872,26.999953580211752,149,138,113,115
872,27.999953580211752,156,139,115,111
872,28.999953580211752,143,127,102,106
872,29.999953580211752,131,115,102,97
872,30.999953580211752,145,121,107,99
872,31.999953580211752,139,122,102,101
872,32.99995358021175,152,132,111,104
872,33.99995358021175,142,127,101,104
872,34.99995358021175,152,139,117,111
872,35.99995358021175,172,154,132,117
872,36.99995358021175,176,167,135,135
872,37.99995358021175,147,141,112,119
872,38.99995358021175,147,136,114,117
872,39.99995358021175,153,141,113,114
872,40.99995358021175,147,139,108,114
872,41.99995358021175,144,137,111,119
872,42.99995358021175,150,141,116,125
872,43.99995358021175,167,157,129,120
872,44.99995358021175,185,178,150,130
872,45.99995358021175,189,183,162,133
872,46.99995358021175,194,194,171,146
872,47.99995358021175,203,198,182,158
872,48.99995358021175,201,200,183,158
872,49.99995358021175,207,206,191,167
872,50.99995358021175,203,202,187,159
872,51.99995358021175,204,204,189,155
872,52.99995358021175,209,206,191,162
872,53.99995358021175,183,178,153,150
872,54.99995358021175,193,183,156,150
872,55.99995358021175,204,201,183,173
872,56.99995358021175,216,214,201,201
872,57.99995358021175,223,221,210,213
872,58.99995358021175,229,227,215,219
872,59.99995358021175,224,224,211,204
872,60.99995358021175,215,214,202,179
872,61.99995358021175,174,163,160,105
872,62.99995358021175,202,200,190,111
872,63.99995358021175,209,207,197,131
872,64.99995358021175,214,212,202,158
872,65.99995358021175,217,214,204,173
872,66.99995358021175,218,216,204,179
872,67.99995358021175,216,215,203,172
872,68.99995358021175,215,214,204,170
872,69.99995358021175,218,216,206,178
872,70.99995358021175,220,218,208,188
872,71.99995358021175,221,219,209,192
872,72.99995358021175,221,220,209,196
872,73.99995358021175,221,219,209,192
872,74.99995358021175,221,219,209,194
872,75.99995358021175,221,220,209,195
872,76.99995358021175,222,220,209,195
872,77.99995358021175,222,219,209,194
872,78.99995358021175,221,219,209,191
872,79.99995358021175,221,219,209,195
872,80.99995358021175,223,221,210,198
872,81.99995358021175,222,221,210,197
872,82.99995358021175,222,220,209,195
872,83.99995358021175,222,219,209,195
872,84.99995358021175,221,219,209,194
872,85.99995358021175,220,218,208,192
872,86.99995358021175,220,218,208,190
872,87.99995358021175,221,219,209,193
872,88.99995358021175,220,218,208,193
872,89.99995358021175,221,219,208,194
872,90.99995358021175,221,219,208,195
872,91.99995358021175,222,220,209,197
872,92.99995358021175,221,220,209,196
872,93.99995358021175,221,220,209,197
872,94.99995358021175,222,220,209,196
872,95.99995358021175,221,219,209,196
872,96.99995358021175,222,220,208,194
872,97.99995358021175,220,218,208,192
872,98.99995358021175,220,217,207,190
872,99.99995358021175,219,218,208,188
872,100.99995358021175,217,216,205,182
872,101.99995358021175,212,209,195,161
872,102.99995358021175,209,206,190,153
872,103.99995358021175,208,206,186,148
872,104.99995358021175,205,201,182,134
872,105.99995358021175,204,199,180,130
872,106.99995358021175,203,198,181,121
872,107.99995358021175,198,192,169,113
872,108.99995358021175,201,196,178,116
872,109.99995358021175,202,196,177,119
872,110.99995358021175,202,198,179,123
872,111.99995358021175,205,201,176,126
872,112.99995358021175,197,187,156,110
872,113.99995358021175,197,186,155,110
872,114.99995358021175,203,194,164,117
872,115.99995358021175,204,198,170,101
872,116.99995358021175,204,198,172,83
872,117.99995358021175,198,196,160,51
872,118.99995358021175,180,177,143,32
872,119.99995358021175,179,176,140,29
872,120.99995358021175,177,176,143,27
872,121.99995358021175,178,177,145,25
872,122.99995358021175,177,179,150,25
872,123.99995358021175,178,180,157,27
872,124.99995358021175,177,181,153,29
872,125.99995358021175,178,179,152,31
872,126.99995358021175,185,179,150,42
872,127.99995358021175,190,183,149,54
872,128.99995358021175,193,184,152,59
872,129.99995358021175,204,202,191,69
872,130.99995358021175,197,196,182,52
872,131.99995358021175,195,195,180,47
872,132.99995358021175,191,194,176,41
872,133.99995358021175,181,187,163,32
872,134.99995358021175,181,185,157,30
872,135.99995358021175,176,180,155,25
872,136.99995358021175,171,175,143,21
872,137.99995358021175,174,177,151,23
872,138.99995358021175,203,205,198,44
872,139.99995358021175,171,188,177,33
872,140.99995358021175,172,188,176,32
872,141.99995358021175,187,195,188,34
872,142.99995358021175,196,203,198,52
872,143.99995358021175,194,202,194,48
872,144.99995358021175,197,202,195,52
872,145.99995358021175,203,207,202,59
872,146.99995358021175,202,205,199,57
872,147.99995358021175,197,201,192,46
872,148.99995358021175,200,204,199,52
872,149.99995358021175,217,220,220,92
872,150.99995358021175,227,234,228,116
872,151.99995358021175,211,216,207,57
872,152.99995358021175,197,207,199,47
872,153.99995358021175,185,195,178,36
872,154.99995358021175,139,161,134,15
872,155.99995358021175,136,155,130,12
872,156.99995358021175,135,152,121,12
872,157.99995358021175,124,156,125,12
872,158.99995358021175,130,157,131,11
872,159.99995358021175,110,143,116,11
872,160.99995358021175,107,138,115,11
872,161.99995358021175,101,137,113,11
872,162.99995358021175,95,136,108,9
872,163.99995358021175,100,135,110,10
872,164.99995358021175,96,134,110,9
872,165.99995358021175,100,141,112,10
872,166.99995358021175,99,140,119,9
872,167.99995358021175,101,140,116,11
872,168.99995358021175,98,140,114,10
872,169.99995358021175,98,139,115,10
872,170.99995358021175,102,140,113,10
872,171.99995358021175,104,139,111,9
872,172.99995358021175,102,143,123,11
872,173.99995358021175,107,148,124,10
872,174.99995358021175,110,149,123,12
872,175.99995358021175,104,147,124,13
872,176.99995358021175,104,146,122,14
872,177.99995358021175,88,135,109,11
872,178.99995358021175,103,142,116,10
872,179.99995358021175,98,141,116,10
872,180.99995358021175,103,138,116,10
872,181.99995358021175,111,145,123,12
872,182.99995358021175,110,150,124,12
872,183.99995358021175,114,152,132,13
872,184.99995358021175,115,155,135,14
872,185.99995358021175,122,156,136,14
872,186.99995358021175,129,164,142,18
872,187.99995358021175,131,165,146,17
872,188.99995358021175,136,166,141,16
872,189.99995358021175,126,159,134,14
872,190.99995358021175,123,158,136,14
872,191.99995358021175,141,162,137,16
872,192.99995358021175,138,164,141,16
872,193.99995358021175,138,165,145,16
872,194.99995358021175,137,167,146,16
872,195.99995358021175,154,179,155,21
872,196.99995358021175,134,163,137,16
872,197.99995358021175,130,163,137,17
872,198.99995358021175,150,172,163,19
872,199.99995358021175,226,225,225,101
872,200.99995358021175,228,235,227,121
872,201.99995358021175,179,203,201,46
872,202.99995358021175,200,210,200,46
872,203.99995358021175,150,177,166,31
872,204.99995358021175,117,140,113,11
872,205.99995358021175,114,139,116,12
872,206.99995358021175,110,141,113,10
872,207.99995358021175,117,149,126,13
872,208.99995358021175,128,166,152,20
872,209.99995358021175,166,185,180,30
872,210.99995358021175,156,189,164,35
872,211.99995358021175,84,119,95,12
872,212.99995358021175,87,117,91,11
872,213.99995358021175,93,119,94,8
872,214.99995358021175,94,125,97,10
872,215.99995358021175,95,124,98,8
872,216.99995358021175,91,123,99,8
872,217.99995358021175,94,120,98,10
872,218.99995358021175,88,123,98,10
872,219.99995358021175,98,133,113,12
872,220.99995358021175,113,146,124,17
872,221.99995358021175,97,136,112,14
872,222.99995358021175,77,117,93,9
872,223.99995358021175,78,113,93,9
872,224.99995358021175,74,113,94,7
872,225.99995358021175,80,115,96,9
872,226.99995358021175,76,117,93,8
872,227.99995358021175,78,118,94,8
872,228.99995358021175,80,116,94,8
872,229.99995358021175,81,121,104,9
872,230.99995358021175,86,121,103,9
872,231.99995358021175,84,125,102,10
872,232.99995358021175,75,117,98,10
872,233.99995358021175,77,115,94,9
872,234.99995358021175,76,115,93,11
872,235.99995358021175,73,112,93,7
872,236.99995358021175,73,111,89,7
872,237.99995358021175,83,112,92,9
872,238.99995358021175,80,116,98,9
872,239.99995358021175,71,109,93,8
872,240.99995358021175,77,112,95,10
872,241.99995358021175,78,113,91,9
872,242.99995358021175,77,110,89,9
872,243.99995358021175,75,108,91,8
872,244.99995358021175,76,107,88,10
872,245.99995358021175,78,105,87,8
872,246.99995358021175,77,107,91,8
872,247.99995358021175,77,109,93,7
872,248.99995358021175,80,114,96,10
872,249.99995358021175,77,109,91,8
872,250.99995358021175,77,110,94,8
872,251.99995358021175,77,108,89,9
872,252.99995358021175,77,108,93,10
872,253.99995358021175,78,108,87,7
872,254.99995358021175,85,115,100,11
872,255.99995358021175,76,109,88,8
872,256.99995358021175,74,102,80,8
872,257.99995358021175,75,96,90,8
872,258.99995358021175,74,108,87,9
872,259.99995358021175,71,107,88,7
872,260.99995358021175,70,104,87,8
872,261.99995358021175,69,106,86,7
872,262.99995358021175,74,107,91,9
872,263.99995358021175,79,109,93,9
872,264.99995358021175,74,111,93,8
872,265.99995358021175,79,115,96,9
872,266.99995358021175,77,112,92,9
872,267.99995358021175,78,111,92,8
872,268.99995358021175,81,111,91,9
872,269.99995358021175,80,115,94,10
872,270.99995358021175,85,118,99,10
872,271.99995358021175,82,120,94,8
872,272.99995358021175,72,114,92,8
872,273.99995358021175,73,108,83,9
872,274.99995358021175,69,105,84,8
872,275.99995358021175,71,104,87,6
872,276.99995358021175,73,109,91,7
872,277.99995358021175,74,110,95,8
872,278.99995358021175,76,113,94,7
872,279.99995358021175,89,117,98,8
872,280.99995358021175,84,117,96,8
872,281.99995358021175,74,110,87,8
872,282.99995358021175,81,110,89,8
872,283.99995358021175,78,112,90,8
872,284.99995358021175,88,114,92,9
872,285.99995358021175,83,116,97,8
872,286.99995358021175,81,115,98,8
872,287.99995358021175,90,118,98,9
872,288.99995358021175,89,120,101,8
872,289.99995358021175,85,121,101,9
872,290.99995358021175,91,126,101,10
872,291.99995358021175,88,118,94,8
872,292.99995358021175,88,115,93,10
872,293.99995358021175,86,117,96,8
872,294.99995358021175,94,122,101,9
872,295.99995358021175,91,121,97,8
872,296.99995358021175,83,114,96,8
872,297.99995358021175,92,112,92,7
872,298.99995358021175,89,116,92,10
872,299.99995358021175,97,117,99,10
947,0.0,126,114,103,90
947,3.384920626103849e-05,126,114,103,90
947,1.000033849206261,134,115,105,92
947,2.000033849206261,137,120,103,93
947,3.000033849206261,148,128,109,98
947,4.000033849206261,146,131,106,102
947,5.000033849206261,135,117,100,100
947,6.000033849206261,127,113,100,98
947,7.000033849206261,137,118,102,102
947,8.000033849206261,143,125,104,105
947,9.000033849206261,145,131,111,103
947,10.000033849206261,161,144,112,109
947,11.000033849206261,152,130,107,104
947,12.000033849206261,136,121,100,95
947,13.000033849206261,157,140,122,106
947,14.000033849206261,153,139,114,107
947,15.000033849206261,154,148,121,111
947,16.00003384920626,164,154,122,118
947,17.00003384920626,146,140,113,112
947,18.00003384920626,155,144,121,111
947,19.00003384920626,163,155,131,113
947,20.00003384920626,156,148,128,107
947,21.00003384920626,181,168,139,119
947,22.00003384920626,149,139,118,107
947,23.00003384920626,154,155,124,109
947,24.00003384920626,136,125,109,101
947,25.00003384920626,129,118,100,94
947,26.00003384920626,128,119,100,97
947,27.00003384920626,152,139,117,105
947,28.00003384920626,162,146,121,117
947,29.00003384920626,158,143,124,114
947,30.00003384920626,161,155,130,114
947,31.00003384920626,176,172,144,125
947,32.00003384920626,188,181,153,130
947,33.00003384920626,188,183,155,132
947,34.00003384920626,163,152,126,113
947,35.00003384920626,148,132,114,104
947,36.00003384920626,152,142,120,97
947,37.00003384920626,148,135,118,91
947,38.00003384920626,165,151,132,101
947,39.00003384920626,167,159,136,105
947,40.00003384920626,138,125,112,94
947,41.00003384920626,149,136,118,95
947,42.00003384920626,151,140,116,100
947,43.00003384920626,150,138,118,96
947,44.00003384920626,163,154,131,106
947,45.00003384920626,150,141,115,112
947,46.00003384920626,153,146,125,110
947,47.00003384920626,167,152,128,120
947,48.00003384920626,164,147,123,119
947,49.00003384920626,195,188,167,142
947,50.00003384920626,195,192,169,144
947,51.00003384920626,178,172,146,135
947,52.00003384920626,194,191,161,164
947,53.00003384920626,195,192,167,170
947,54.00003384920626,202,200,179,165
947,55.00003384920626,199,197,179,157
947,56.00003384920626,207,203,189,171
947,57.00003384920626,207,203,183,184
947,58.00003384920626,224,221,212,210
947,59.00003384920626,227,226,213,221
947,60.00003384920626,212,214,199,217
947,61.00003384920626,197,197,179,166
947,62.00003384920626,205,205,194,164
947,63.00003384920626,209,207,191,155
947,64.00003384920626,188,183,176,106
947,65.00003384920626,203,201,193,124
947,66.00003384920626,213,213,202,161
947,67.00003384920626,216,214,204,169
947,68.00003384920626,217,216,205,177
947,69.00003384920626,216,215,205,179
947,70.00003384920626,218,216,205,185
947,71.00003384920626,218,217,206,185
947,72.00003384920626,220,218,207,191
947,73.00003384920626,220,218,208,195
947,74.00003384920626,221,219,209,195
947,75.00003384920626,221,219,209,197
947,76.00003384920626,221,219,208,196
947,77.00003384920626,220,217,207,193
947,78.00003384920626,220,219,208,190
947,79.00003384920626,221,220,209,196
947,80.00003384920626,221,220,209,197
947,81.00003384920626,220,219,209,196
947,82.00003384920626,222,220,209,197
947,83.00003384920626,221,219,209,198
947,84.00003384920626,221,220,208,198
947,85.00003384920626,221,219,209,197
947,86.00003384920626,221,220,208,195
947,87.00003384920626,222,221,209,199
947,88.00003384920626,221,220,208,197
947,89.00003384920626,221,219,209,196
947,90.00003384920626,220,218,208,195
947,91.00003384920626,220,219,207,195
947,92.00003384920626,220,217,207,193
947,93.00003384920626,220,220,208,195
947,94.00003384920626,219,217,206,193
947,95.00003384920626,220,218,207,192
947,96.00003384920626,220,218,207,195
947,97.00003384920626,220,217,207,191
947,98.00003384920626,220,218,207,191
947,99.00003384920626,219,217,206,188
947,100.00003384920626,218,216,205,184
947,101.00003384920626,213,210,198,171
947,102.00003384920626,207,204,185,147
947,103.00003384920626,204,201,180,133
947,104.00003384920626,202,198,176,129
947,105.00003384920626,198,194,172,116
947,106.00003384920626,196,193,168,108
947,107.00003384920626,196,191,167,104
947,108.00003384920626,193,185,163,105
947,109.00003384920626,192,184,161,100
947,110.00003384920626,192,185,156,102
947,111.00003384920626,186,176,140,97
947,112.00003384920626,186,171,137,93
947,113.00003384920626,188,172,141,92
947,114.00003384920626,190,182,155,80
947,115.00003384920626,195,190,161,70
947,116.00003384920626,197,193,164,63
947,117.00003384920626,186,186,150,42
947,118.00003384920626,177,181,147,26
947,119.00003384920626,177,183,149,24
947,120.00003384920626,170,176,143,19
947,121.00003384920626,170,176,139,17
947,122.00003384920626,166,174,136,19
947,123.00003384920626,158,165,131,15
947,124.00003384920626,179,188,178,24
947,125.00003384920626,201,204,195,40
947,126.00003384920626,181,191,179,34
947,127.00003384920626,171,182,155,26
947,128.00003384920626,164,173,143,21
947,129.00003384920626,163,167,137,20
947,130.00003384920626,161,171,139,20
947,131.00003384920626,164,172,142,20
947,132.00003384920626,171,173,141,21
947,133.00003384920626,174,181,157,26
947,134.00003384920626,178,182,157,27
947,135.00003384920626,184,187,170,33
947,136.00003384920626,208,210,201,61
947,137.00003384920626,197,204,196,54
947,138.00003384920626,188,196,180,40
947,139.00003384920626,188,190,172,33
947,140.00003384920626,192,192,175,34
947,141.00003384920626,197,197,180,41
947,142.00003384920626,196,196,179,42
947,143.00003384920626,204,205,204,55
947,144.00003384920626,209,216,206,72
947,145.00003384920626,150,170,136,21
947,146.00003384920626,146,162,123,14
947,147.00003384920626,144,163,132,14
947,148.00003384920626,131,154,120,12
947,149.00003384920626,121,148,116,11
947,150.00003384920626,123,149,114,11
947,151.00003384920626,118,147,119,11
947,152.00003384920626,118,145,116,12
947,153.00003384920626,120,153,121,13
947,154.00003384920626,126,152,127,11
947,155.00003384920626,129,155,137,14
947,156.00003384920626,146,178,153,21
947,157.00003384920626,111,146,118,15
947,158.00003384920626,101,137,107,12
947,159.00003384920626,104,135,112,11
947,160.00003384920626,107,144,116,12
947,161.00003384920626,106,145,116,12
947,162.00003384920626,99,140,115,12
947,163.00003384920626,99,140,107,10
947,164.00003384920626,92,129,103,10
947,165.00003384920626,91,126,100,9
947,166.00003384920626,92,127,102,10
947,167.00003384920626,90,126,102,9
947,168.00003384920626,90,126,102,8
947,169.00003384920626,100,134,112,11
947,170.00003384920626,97,138,113,12
947,171.00003384920626,89,135,108,11
947,172.00003384920626,81,132,103,10
947,173.00003384920626,85,131,103,10
947,174.00003384920626,96,137,114,11
947,175.00003384920626,109,152,132,15
947,176.00003384920626,110,159,135,17
947,177.00003384920626,114,151,136,15
947,178.00003384920626,122,162,147,18
947,179.00003384920626,127,168,154,19
947,180.00003384920626,138,176,158,25
947,181.00003384920626,145,180,161,23
947,182.00003384920626,146,180,170,25
947,183.00003384920626,193,201,198,47
947,184.00003384920626,188,204,198,47
947,185.00003384920626,193,206,201,50
947,186.00003384920626,200,208,204,57
947,187.00003384920626,207,212,207,71
947,188.00003384920626,202,209,204,66
947,189.00003384920626,182,200,193,46
947,190.00003384920626,196,203,198,49
947,191.00003384920626,195,204,199,52
947,192.00003384920626,225,225,224,105
947,193.00003384920626,215,223,215,111
947,194.00003384920626,199,212,204,77
947,195.00003384920626,194,203,197,49
947,196.00003384920626,190,201,194,45
947,197.00003384920626,176,194,183,33
947,198.00003384920626,148,174,146,15
947,199.00003384920626,132,159,126,12
947,200.00003384920626,127,156,127,13
947,201.00003384920626,141,168,146,18
947,202.00003384920626,174,195,186,30
947,203.00003384920626,186,199,191,34
947,204.00003384920626,138,172,146,19
947,205.00003384920626,101,138,111,12
947,206.00003384920626,101,133,107,11
947,207.00003384920626,114,138,115,10
947,208.00003384920626,101,133,110,11
947,209.00003384920626,96,134,107,9
947,210.00003384920626,89,129,105,10
947,211.00003384920626,92,137,107,11
947,212.00003384920626,89,128,101,9
947,213.00003384920626,81,116,98,8
947,214.00003384920626,78,116,95,8
947,215.00003384920626,82,117,95,8
947,216.00003384920626,82,114,100,8
947,217.00003384920626,84,119,100,9
947,218.00003384920626,85,120,101,9
947,219.00003384920626,88,119,97,9
947,220.00003384920626,89,130,106,11
947,221.00003384920626,90,127,106,11
947,222.00003384920626,99,134,112,11
947,223.00003384920626,91,130,106,11
947,224.00003384920626,91,129,103,9
947,225.00003384920626,98,130,105,9
947,226.00003384920626,98,127,102,10
947,227.00003384920626,89,122,98,9
947,228.00003384920626,83,115,95,9
947,229.00003384920626,80,113,92,9
947,230.00003384920626,76,110,92,9
947,231.00003384920626,85,112,93,8
947,232.00003384920626,78,113,93,8
947,233.00003384920626,80,112,95,9
947,234.00003384920626,84,116,97,10
947,235.00003384920626,82,112,89,10
947,236.00003384920626,79,109,92,10
947,237.00003384920626,78,110,89,11
947,238.00003384920626,82,107,87,8
947,239.00003384920626,76,104,86,9
947,240.00003384920626,77,105,85,7
947,241.00003384920626,73,106,84,9
947,242.00003384920626,81,109,88,8
947,243.00003384920626,84,112,96,9
947,244.00003384920626,86,115,96,8
947,245.00003384920626,82,116,93,8
947,246.00003384920626,88,118,98,10
947,247.00003384920626,92,120,99,10
947,248.00003384920626,89,118,97,11
947,249.00003384920626,79,110,86,8
947,250.00003384920626,80,111,91,9
947,251.00003384920626,85,115,98,9
947,252.00003384920626,84,111,86,9
947,253.00003384920626,78,108,84,8
947,254.00003384920626,77,105,85,7
947,255.00003384920626,73,102,82,8
947,256.00003384920626,72,101,82,7
947,257.00003384920626,77,104,83,7
947,258.00003384920626,75,103,85,8
947,259.00003384920626,75,104,85,8
947,260.00003384920626,75,104,84,9
947,261.00003384920626,77,106,82,9
947,262.00003384920626,81,108,88,8
947,263.00003384920626,85,113,89,11
947,264.00003384920626,80,108,85,8
947,265.00003384920626,77,107,84,7
947,266.00003384920626,77,101,84,8
947,267.00003384920626,82,108,91,11
947,268.00003384920626,87,120,97,12
947,269.00003384920626,99,131,104,13
947,270.00003384920626,78,110,90,9
947,271.00003384920626,75,106,85,10
947,272.00003384920626,78,109,87,9
947,273.00003384920626,78,109,84,7
947,274.00003384920626,82,109,86,8
947,275.00003384920626,82,108,88,7
947,276.00003384920626,79,109,92,9
947,277.00003384920626,84,110,91,8
947,278.00003384920626,90,117,92,9
947,279.00003384920626,96,118,99,10
947,280.00003384920626,92,120,96,9
947,281.00003384920626,89,114,93,9
947,282.00003384920626,86,112,92,10
947,283.00003384920626,86,116,94,9
947,284.00003384920626,90,117,93,10
947,285.00003384920626,90,116,94,9
947,286.00003384920626,88,114,94,9
947,287.00003384920626,96,121,96,9
947,288.00003384920626,96,121,98,9
947,289.00003384920626,98,125,105,10
947,290.00003384920626,101,130,102,10
947,291.00003384920626,97,122,93,8
947,292.00003384920626,95,118,89,9
947,293.00003384920626,91,116,95,9
947,294.00003384920626,98,121,94,11
947,295.00003384920626,103,123,98,11
947,296.00003384920626,93,122,94,10
947,297.00003384920626,102,122,92,8
947,298.00003384920626,103,132,98,10
947,299.00003384920626,102,132,100,10
947,300.00003384920626,99,121,96,9
962,0.0,106,92,78,77
962,0.9999455994768596,107,96,83,78
962,1.9999455994768596,111,103,90,80
962,2.9999455994768596,115,104,91,85
962,3.9999455994768596,129,114,97,90
962,4.99994559947686,120,113,93,87
962,5.99994559947686,117,103,86,84
962,6.99994559947686,121,104,87,86
962,7.99994559947686,114,104,86,89
962,8.99994559947686,126,109,90,95
962,9.99994559947686,130,120,99,100
962,10.99994559947686,139,124,103,103
962,11.99994559947686,132,114,99,94
962,12.99994559947686,133,116,103,93
962,13.99994559947686,142,122,103,100
962,14.99994559947686,141,124,107,99
962,15.99994559947686,135,118,102,94
962,16.99994559947686,130,112,93,92
962,17.99994559947686,128,111,99,92
962,18.99994559947686,138,117,100,95
962,19.99994559947686,136,120,101,95
962,20.99994559947686,126,114,100,90
962,21.99994559947686,138,122,102,93
962,22.99994559947686,127,116,96,94
962,23.99994559947686,125,112,91,89
962,24.99994559947686,126,114,94,94
962,25.99994559947686,129,116,94,91
962,26.99994559947686,128,116,99,95
962,27.99994559947686,119,106,92,85
962,28.99994559947686,125,107,90,82
962,29.99994559947686,129,113,95,91
962,30.99994559947686,142,117,100,88
962,31.99994559947686,127,113,98,88
962,32.99994559947686,123,115,100,85
962,33.99994559947686,116,104,87,83
962,34.99994559947686,113,108,85,80
962,35.99994559947686,105,97,84,82
962,36.99994559947686,118,107,91,88
962,37.99994559947686,131,121,99,99
962,38.99994559947686,145,130,110,103
962,39.99994559947686,136,135,109,104
962,40.99994559947686,136,125,109,102
962,41.99994559947686,158,140,125,103
962,42.99994559947686,138,131,110,99
962,43.99994559947686,130,120,108,97
962,44.99994559947686,170,166,132,109
962,45.99994559947686,145,136,112,107
962,46.99994559947686,140,125,106,103
962,47.99994559947686,134,123,93,103
962,48.99994559947686,147,136,111,104
962,49.99994559947686,153,136,117,108
962,50.99994559947686,177,165,134,121
962,51.99994559947686,198,187,176,142
962,52.99994559947686,215,212,204,181
962,53.99994559947686,227,224,213,211
962,54.99994559947686,227,225,214,214
962,55.99994559947686,227,225,214,215
962,56.99994559947686,226,223,213,212
962,57.99994559947686,223,222,209,209
962,58.99994559947686,218,217,204,203
962,59.99994559947686,212,208,196,188
962,60.99994559947686,192,186,155,146
962,61.99994559947686,161,155,138,109
962,62.99994559947686,206,205,198,126
962,63.99994559947686,217,215,204,178
962,64.99994559947686,219,217,205,187
962,65.99994559947686,219,217,206,191
962,66.99994559947686,221,219,208,196
962,67.99994559947686,221,219,208,196
962,68.99994559947686,220,219,208,197
962,69.99994559947686,220,219,208,197
962,70.99994559947686,220,220,209,196
962,71.99994559947686,220,218,208,196
962,72.99994559947686,221,219,209,195
962,73.99994559947686,223,220,210,199
962,74.99994559947686,220,219,208,198
962,75.99994559947686,221,219,208,198
962,76.99994559947686,220,219,208,196
962,77.99994559947686,222,220,209,197
962,78.99994559947686,221,220,209,199
962,79.99994559947686,221,219,208,197
962,80.99994559947686,221,219,209,197
962,81.99994559947686,219,217,207,190
962,82.99994559947686,220,218,207,194
962,83.99994559947686,219,217,208,191
962,84.99994559947686,220,218,208,195
962,85.99994559947686,219,219,208,195
962,86.99994559947686,220,219,208,196
962,87.99994559947686,220,218,208,194
962,88.99994559947686,219,219,208,196
962,89.99994559947686,219,218,207,189
962,90.99994559947686,218,218,207,188
962,91.99994559947686,219,217,207,187
962,92.99994559947686,216,216,205,185
962,93.99994559947686,216,215,204,182
962,94.99994559947686,215,214,202,176
962,95.99994559947686,210,208,196,160
962,96.99994559947686,206,203,186,141
962,97.99994559947686,203,200,181,134
962,98.99994559947686,202,197,179,127
962,99.99994559947686,202,196,175,124
962,100.99994559947686,201,196,175,124
962,101.99994559947686,201,196,178,121
962,102.99994559947686,200,193,172,116
962,103.99994559947686,198,193,170,112
962,104.99994559947686,198,194,168,116
962,105.99994559947686,198,193,165,119
962,106.99994559947686,204,200,180,131
962,107.99994559947686,210,207,190,152
962,108.99994559947686,207,203,179,141
962,109.99994559947686,202,195,168,123
962,110.99994559947686,185,180,141,58
962,111.99994559947686,175,167,129,43
962,112.99994559947686,181,174,136,53
962,113.99994559947686,185,173,139,68
962,114.99994559947686,188,174,137,76
962,115.99994559947686,187,175,134,78
962,116.99994559947686,188,174,134,81
962,117.99994559947686,185,171,130,76
962,118.99994559947686,185,172,134,76
962,119.99994559947686,190,178,145,77
962,120.99994559947686,192,184,151,67
962,121.99994559947686,192,183,150,65
962,122.99994559947686,192,195,171,51
962,123.99994559947686,179,177,149,35
962,124.99994559947686,179,175,145,32
962,125.99994559947686,176,172,137,31
962,126.99994559947686,174,167,135,30
962,127.99994559947686,173,168,134,29
962,128.99994559947686,171,168,133,28
962,129.99994559947686,171,170,135,27
962,130.99994559947686,168,170,134,25
962,131.99994559947686,173,174,144,26
962,132.99994559947686,183,188,161,31
962,133.99994559947686,188,190,173,35
962,134.99994559947686,196,201,188,45
962,135.99994559947686,187,194,179,39
962,136.99994559947686,189,195,182,39
962,137.99994559947686,194,199,188,47
962,138.99994559947686,199,203,194,47
962,139.99994559947686,198,203,191,46
962,140.99994559947686,192,194,180,44
962,141.99994559947686,184,187,163,34
962,142.99994559947686,172,184,148,26
962,143.99994559947686,158,167,141,19
962,144.99994559947686,137,157,124,16
962,145.99994559947686,120,140,108,12
962,146.99994559947686,111,136,106,10
962,147.99994559947686,116,147,117,12
962,148.99994559947686,113,144,110,11
962,149.99994559947686,105,136,108,10
962,150.99994559947686,105,131,106,9
962,151.99994559947686,104,129,100,9
962,152.99994559947686,105,130,101,11
962,153.99994559947686,105,134,103,11
962,154.99994559947686,103,137,104,11
962,155.99994559947686,104,133,108,11
962,156.99994559947686,103,142,109,11
962,157.99994559947686,101,140,109,11
962,158.99994559947686,95,138,107,9
962,159.99994559947686,92,127,102,9
962,160.99994559947686,91,128,100,9
962,161.99994559947686,95,131,107,10
962,162.99994559947686,104,136,115,13
962,163.99994559947686,100,138,110,11
962,164.99994559947686,87,122,94,9
962,165.99994559947686,81,116,89,8
962,166.99994559947686,85,121,97,8
962,167.99994559947686,95,128,100,9
962,168.99994559947686,98,134,108,9
962,169.99994559947686,99,135,105,10
962,170.99994559947686,98,140,105,11
962,171.99994559947686,101,134,107,10
962,172.99994559947686,103,139,110,13
962,173.99994559947686,119,155,130,16
962,174.99994559947686,147,174,162,24
962,175.99994559947686,148,175,163,25
962,176.99994559947686,157,182,168,30
962,177.99994559947686,166,183,178,35
962,178.99994559947686,185,197,194,45
962,179.99994559947686,200,205,203,65
962,180.99994559947686,207,214,209,87
962,181.99994559947686,211,215,213,98
962,182.99994559947686,208,213,208,84
962,183.99994559947686,204,209,206,66
962,184.99994559947686,203,209,204,64
962,185.99994559947686,203,208,204,66
962,186.99994559947686,206,211,205,68
962,187.99994559947686,204,210,206,66
962,188.99994559947686,202,208,202,59
962,189.99994559947686,195,202,196,47
962,190.99994559947686,194,200,191,42
962,191.99994559947686,186,196,184,37
962,192.99994559947686,175,188,170,30
962,193.99994559947686,169,184,161,26
962,194.99994559947686,168,181,156,25
962,195.99994559947686,175,182,158,28
962,196.99994559947686,168,178,157,29
962,197.99994559947686,158,169,142,21
962,198.99994559947686,142,160,132,15
962,199.99994559947686,130,149,119,13
962,200.99994559947686,111,132,104,12
962,201.99994559947686,113,137,120,14
962,202.99994559947686,153,169,181,30
962,203.99994559947686,196,208,198,50
962,204.99994559947686,112,139,124,21
962,205.99994559947686,106,139,118,17
962,206.99994559947686,105,134,116,16
962,207.99994559947686,107,127,105,14
962,208.99994559947686,99,117,96,12
962,209.99994559947686,96,121,100,12
962,210.99994559947686,88,111,89,10
962,211.99994559947686,85,113,93,9
962,212.99994559947686,89,115,89,9
962,213.99994559947686,89,114,87,9
962,214.99994559947686,87,113,86,9
962,215.99994559947686,81,112,87,9
962,216.99994559947686,85,114,93,8
962,217.99994559947686,85,114,94,8
962,218.99994559947686,86,115,90,9
962,219.99994559947686,88,113,90,9
962,220.99994559947686,83,110,88,8
962,221.99994559947686,81,111,88,9
962,222.99994559947686,87,107,89,9
962,223.99994559947686,83,110,88,10
962,224.99994559947686,80,110,86,8
962,225.99994559947686,78,106,84,9
962,226.99994559947686,80,104,87,8
962,227.99994559947686,78,108,86,9
962,228.99994559947686,86,105,90,8
962,229.99994559947686,85,110,91,8
962,230.99994559947686,77,111,88,10
962,231.99994559947686,81,111,88,8
962,232.99994559947686,80,107,88,8
962,233.99994559947686,82,106,88,10
962,234.99994559947686,80,111,91,7
962,235.99994559947686,82,110,90,8
962,236.99994559947686,74,106,83,10
962,237.99994559947686,71,97,80,8
962,238.99994559947686,73,97,78,8
962,239.99994559947686,78,99,80,8
962,240.99994559947686,78,105,84,9
962,241.99994559947686,80,107,85,9
962,242.99994559947686,80,108,85,8
962,243.99994559947686,78,105,82,8
962,244.99994559947686,80,107,84,8
962,245.99994559947686,80,108,82,7
962,246.99994559947686,85,109,87,8
962,247.99994559947686,82,110,89,9
962,248.99994559947686,82,113,92,10
962,249.99994559947686,84,114,91,10
962,250.99994559947686,78,109,87,9
962,251.99994559947686,78,106,83,8
962,252.99994559947686,86,111,85,9
962,253.99994559947686,87,112,94,10
962,254.99994559947686,83,116,94,11
962,255.99994559947686,79,108,87,9
962,256.99994559947686,77,102,83,8
962,257.99994559947686,74,102,81,7
962,258.99994559947686,75,101,80,7
962,259.99994559947686,80,106,85,8
962,260.99994559947686,87,116,97,9
962,261.99994559947686,88,116,95,9
962,262.99994559947686,91,112,92,9
962,263.99994559947686,88,111,88,8
962,264.99994559947686,75,106,82,7
962,265.99994559947686,74,102,80,7
962,266.99994559947686,76,100,76,8
962,267.99994559947686,79,98,78,9
962,268.99994559947686,79,100,81,7
962,269.99994559947686,82,107,84,9
962,270.99994559947686,84,109,85,8
962,271.99994559947686,92,114,93,11
962,272.99994559947686,89,112,88,9
962,273.99994559947686,88,112,89,8
962,274.99994559947686,86,110,89,9
962,275.99994559947686,82,107,86,9
962,276.99994559947686,90,107,88,10
962,277.99994559947686,93,111,91,10
962,278.99994559947686,100,116,93,9
962,279.99994559947686,97,122,97,10
962,280.99994559947686,110,128,107,12
962,281.99994559947686,159,193,195,43
962,282.99994559947686,216,219,219,91
962,283.99994559947686,228,235,230,145
962,284.99994559947686,220,226,220,113
962,285.99994559947686,214,218,214,91
962,286.99994559947686,206,211,208,69
962,287.99994559947686,200,207,203,61
962,288.99994559947686,204,210,208,82
962,289.99994559947686,203,213,207,80
962,290.99994559947686,215,217,213,86
962,291.99994559947686,218,224,220,114
962,292.99994559947686,226,229,226,147
962,293.99994559947686,205,212,206,82
962,294.99994559947686,187,197,191,54
962,295.99994559947686,199,205,200,55
962,296.99994559947686,162,183,172,32
962,297.99994559947686,131,149,132,22
962,298.99994559947686,109,126,101,12
962,299.99994559947686,101,121,97,12
1455,0.0,158,142,126,115
1455,0.999940085720425,175,162,143,119
1455,1.999940085720425,160,145,127,113
1455,2.999940085720425,162,148,131,117
1455,3.999940085720425,179,174,148,129
1455,4.999940085720425,179,170,146,130
1455,5.999940085720425,184,181,157,128
1455,6.999940085720425,172,166,143,120
1455,7.999940085720425,156,143,123,111
1455,8.999940085720425,180,173,153,120
1455,9.999940085720425,185,179,159,123
1455,10.999940085720425,168,158,134,118
1455,11.999940085720425,186,181,159,127
1455,12.999940085720425,189,185,162,127
1455,13.999940085720425,177,171,148,123
1455,14.999940085720425,181,168,151,125
1455,15.999940085720425,194,189,175,138
1455,16.999940085720425,205,202,186,158
1455,17.999940085720425,203,203,188,163
1455,18.999940085720425,196,189,161,146
1455,19.999940085720425,177,172,148,126
1455,20.999940085720425,179,171,148,125
1455,21.999940085720425,193,186,170,138
1455,22.999940085720425,206,204,191,158
1455,23.999940085720425,204,204,189,158
1455,24.999940085720425,204,202,187,160
1455,25.999940085720425,210,207,195,166
1455,26.999940085720425,206,205,191,159
1455,27.999940085720425,189,186,159,138
1455,28.999940085720425,170,162,139,127
1455,29.999940085720425,196,187,171,142
1455,30.999940085720425,208,206,196,159
1455,31.999940085720425,208,207,195,163
1455,32.999940085720425,205,204,187,154
1455,33.999940085720425,204,203,189,156
1455,34.999940085720425,204,204,189,155
1455,35.999940085720425,171,164,136,131
1455,36.999940085720425,165,155,133,121
1455,37.999940085720425,159,151,136,121
1455,38.999940085720425,170,163,142,126
1455,39.999940085720425,174,165,147,130
1455,40.999940085720425,185,175,150,138
1455,41.999940085720425,189,191,164,146
1455,42.999940085720425,186,182,156,139
1455,43.999940085720425,178,168,140,130
1455,44.999940085720425,175,164,139,126
1455,45.999940085720425,172,157,137,127
1455,46.999940085720425,185,182,156,151
1455,47.999940085720425,180,174,140,149
1455,48.999940085720425,197,197,182,166
1455,49.999940085720425,193,189,162,152
1455,50.999940085720425,186,182,154,145
1455,51.999940085720425,177,169,144,142
1455,52.999940085720425,187,183,160,144
1455,53.999940085720425,180,174,145,145
1455,54.999940085720425,168,161,132,139
1455,55.999940085720425,162,155,125,131
1455,56.999940085720425,161,163,133,137
1455,57.999940085720425,200,201,185,172
1455,58.999940085720425,204,207,194,180
1455,59.999940085720425,196,197,178,139
1455,60.999940085720425,205,205,197,131
1455,61.999940085720425,208,208,200,142
1455,62.999940085720425,213,212,203,155
1455,63.999940085720425,213,212,204,161
1455,64.99994008572043,213,213,204,163
1455,65.99994008572043,216,214,205,168
1455,66.99994008572043,215,215,205,172
1455,67.99994008572043,216,216,206,176
1455,68.99994008572043,216,216,207,176
1455,69.99994008572043,216,216,207,179
1455,70.99994008572043,218,217,207,184
1455,71.99994008572043,219,218,208,186
1455,72.99994008572043,220,219,209,188
1455,73.99994008572043,220,219,209,191
1455,74.99994008572043,220,219,210,193
1455,75.99994008572043,220,219,209,191
1455,76.99994008572043,219,219,209,192
1455,77.99994008572043,220,219,209,193
1455,78.99994008572043,220,219,209,194
1455,79.99994008572043,220,219,210,193
1455,80.99994008572043,220,219,208,191
1455,81.99994008572043,220,219,209,192
1455,82.99994008572043,220,219,208,194
1455,83.99994008572043,219,218,207,191
1455,84.99994008572043,219,218,207,188
1455,85.99994008572043,219,218,207,189
1455,86.99994008572043,219,217,207,187
1455,87.99994008572043,218,217,207,185
1455,88.99994008572043,217,217,206,186
1455,89.99994008572043,217,217,205,185
1455,90.99994008572043,217,216,205,184
1455,91.99994008572043,217,216,205,185
1455,92.99994008572043,216,215,204,178
1455,93.99994008572043,215,214,203,174
1455,94.99994008572043,215,214,202,172
1455,95.99994008572043,215,214,202,173
1455,96.99994008572043,213,213,201,168
1455,97.99994008572043,210,209,195,157
1455,98.99994008572043,208,207,192,147
1455,99.99994008572043,206,204,186,143
1455,100.99994008572043,209,206,192,147
1455,101.99994008572043,208,205,189,144
1455,102.99994008572043,207,205,190,142
1455,103.99994008572043,206,202,185,136
1455,104.99994008572043,205,203,184,134
1455,105.99994008572043,204,201,181,132
1455,106.99994008572043,202,200,181,126
1455,107.99994008572043,201,197,177,122
1455,108.99994008572043,196,190,164,112
1455,109.99994008572043,197,192,170,113
1455,110.99994008572043,197,193,170,114
1455,111.99994008572043,196,192,169,115
1455,112.99994008572043,196,191,166,112
1455,113.99994008572043,189,182,156,102
1455,114.99994008572043,186,176,148,96
1455,115.99994008572043,183,170,143,93
1455,116.99994008572043,175,163,136,88
1455,117.99994008572043,170,154,128,79
1455,118.99994008572043,166,151,126,79
1455,119.99994008572043,164,146,117,76
1455,120.99994008572043,163,147,120,78
1455,121.99994008572043,165,149,115,77
1455,122.99994008572043,164,146,120,77
1455,123.99994008572043,166,147,113,77
1455,124.99994008572043,163,146,119,75
1455,125.99994008572043,171,153,123,67
1455,126.99994008572043,169,155,124,63
1455,127.99994008572043,173,157,128,58
1455,128.99994008572043,165,156,124,53
1455,129.99994008572043,166,155,128,52
1455,130.99994008572043,171,163,132,51
1455,131.99994008572043,176,170,149,49
1455,132.99994008572043,195,194,186,57
1455,133.99994008572043,199,203,197,67
1455,134.99994008572043,199,203,197,64
1455,135.99994008572043,191,198,190,56
1455,136.99994008572043,196,188,187,53
1455,137.99994008572043,199,205,199,54
1455,138.99994008572043,162,165,143,33
1455,139.99994008572043,144,153,127,23
1455,140.99994008572043,129,141,117,20
1455,141.99994008572043,129,145,117,18
1455,142.99994008572043,128,143,117,17
1455,143.99994008572043,120,144,120,17
1455,144.99994008572043,114,141,114,16
1455,145.99994008572043,113,140,115,16
1455,146.99994008572043,119,142,113,16
1455,147.99994008572043,113,141,113,16
1455,148.99994008572043,113,141,115,16
1455,149.99994008572043,114,143,117,16
1455,150.99994008572043,113,144,120,17
1455,151.99994008572043,110,144,121,16
1455,152.99994008572043,106,139,113,15
1455,153.99994008572043,101,137,111,15
1455,154.99994008572043,102,141,118,15
1455,155.99994008572043,105,140,115,15
1455,156.99994008572043,106,139,115,16
1455,157.99994008572043,103,140,117,15
1455,158.99994008572043,103,142,119,17
1455,159.99994008572043,100,142,121,16
1455,160.99994008572043,104,142,117,14
1455,161.99994008572043,105,144,119,14
1455,162.99994008572043,117,149,124,17
1455,163.99994008572043,127,151,131,18
1455,164.99994008572043,131,160,139,19
1455,165.99994008572043,151,174,158,28
1455,166.99994008572043,176,192,187,40
1455,167.99994008572043,178,192,189,40
1455,168.99994008572043,188,199,193,53
1455,169.99994008572043,201,207,201,69
1455,170.99994008572043,225,232,231,124
1455,171.99994008572043,200,212,203,62
1455,172.99994008572043,180,197,187,39
1455,173.99994008572043,146,172,150,27
1455,174.99994008572043,136,166,146,23
1455,175.99994008572043,129,161,137,20
1455,176.99994008572043,129,157,132,18
1455,177.99994008572043,114,148,123,17
1455,178.99994008572043,106,138,114,16
1455,179.99994008572043,101,134,112,14
1455,180.99994008572043,105,139,117,14
1455,181.99994008572043,101,137,110,16
1455,182.99994008572043,101,138,112,15
1455,183.99994008572043,102,139,118,16
1455,184.99994008572043,97,139,118,16
1455,185.99994008572043,91,138,110,16
1455,186.99994008572043,89,135,111,15
1455,187.99994008572043,92,136,115,15
1455,188.99994008572043,88,137,114,15
1455,189.99994008572043,90,129,114,17
1455,190.99994008572043,86,133,110,15
1455,191.99994008572043,79,125,107,14
1455,192.99994008572043,91,131,117,16
1455,193.99994008572043,86,134,114,16
1455,194.99994008572043,80,128,110,16
1455,195.99994008572043,78,124,107,15
1455,196.99994008572043,81,126,112,15
1455,197.99994008572043,79,126,108,15
1455,198.99994008572043,81,123,106,16
1455,199.99994008572043,80,122,106,15
1455,200.99994008572043,73,122,106,14
1455,201.99994008572043,77,127,109,15
1455,202.99994008572043,82,132,111,15
1455,203.99994008572043,94,142,127,16
1455,204.99994008572043,94,145,129,17
1455,205.99994008572043,98,149,138,20
1455,206.99994008572043,138,180,176,33
1455,207.99994008572043,176,196,194,46
1455,208.99994008572043,197,209,205,74
1455,209.99994008572043,197,209,205,69
1455,210.99994008572043,194,207,203,66
1455,211.99994008572043,199,209,205,69
1455,212.99994008572043,185,202,197,53
1455,213.99994008572043,179,201,192,45
1455,214.99994008572043,198,209,205,62
1455,215.99994008572043,184,202,195,48
1455,216.99994008572043,180,200,193,43
1455,217.99994008572043,189,200,194,46
1455,218.99994008572043,201,209,209,60
1455,219.99994008572043,193,208,200,57
1455,220.99994008572043,163,188,178,34
1455,221.99994008572043,162,185,176,32
1455,222.99994008572043,150,182,169,27
1455,223.99994008572043,158,184,167,28
1455,224.99994008572043,139,172,155,25
1455,225.99994008572043,123,155,136,20
1455,226.99994008572043,112,142,123,18
1455,227.99994008572043,106,142,117,15
1455,228.99994008572043,101,135,110,15
1455,229.99994008572043,100,132,107,13
1455,230.99994008572043,101,133,110,14
1455,231.99994008572043,101,134,109,13
1455,232.99994008572043,102,133,111,14
1455,233.99994008572043,101,131,111,14
1455,234.99994008572043,97,135,111,14
1455,235.99994008572043,93,133,109,13
1455,236.99994008572043,90,131,112,13
1455,237.99994008572043,93,134,112,13
1455,238.99994008572043,92,133,113,12
1455,239.99994008572043,83,127,109,14
1455,240.99994008572043,82,125,104,13
1455,241.99994008572043,80,121,106,12
1455,242.99994008572043,76,120,104,13
1455,243.99994008572043,76,118,105,13
1455,244.99994008572043,77,121,112,13
1455,245.99994008572043,75,121,108,13
1455,246.99994008572043,74,119,106,13
1455,247.99994008572043,76,123,111,13
1455,248.99994008572043,78,121,107,14
1455,249.99994008572043,73,115,105,12
1455,250.99994008572043,68,113,99,11
1455,251.99994008572043,71,113,101,12
1455,252.99994008572043,71,114,102,13
1455,253.99994008572043,72,119,99,12
1455,254.99994008572043,75,122,98,11
1455,255.99994008572043,81,121,105,13
1455,256.9999400857204,75,121,102,13
1455,257.9999400857204,76,124,103,13
1455,258.9999400857204,76,120,102,12
1455,259.9999400857204,69,118,101,11
1455,260.9999400857204,74,117,100,13
1455,261.9999400857204,76,119,99,11
1455,262.9999400857204,70,116,95,13
1455,263.9999400857204,65,113,95,12
1455,264.9999400857204,70,116,99,13
1455,265.9999400857204,69,116,99,13
1455,266.9999400857204,68,112,98,12
1455,267.9999400857204,69,113,96,12
1455,268.9999400857204,69,113,89,12
1455,269.9999400857204,67,109,93,11
1455,270.9999400857204,67,110,96,11
1455,271.9999400857204,66,110,98,13
1455,272.9999400857204,63,109,87,12
1455,273.9999400857204,64,107,98,13
1455,274.9999400857204,64,106,91,12
1455,275.9999400857204,62,105,88,13
1455,276.9999400857204,64,102,92,13
1455,277.9999400857204,61,104,90,12
1455,278.9999400857204,61,106,93,12
1455,279.9999400857204,63,104,89,12
1455,280.9999400857204,60,102,88,11
1455,281.9999400857204,59,102,89,12
1455,282.9999400857204,61,102,93,14
1455,283.9999400857204,62,104,89,14
1455,284.9999400857204,59,102,91,10
1455,285.9999400857204,59,103,89,12
1455,286.9999400857204,59,102,88,12
1455,287.9999400857204,56,101,90,13
1455,288.9999400857204,57,100,84,12
1455,289.9999400857204,58,101,87,12
1455,290.9999400857204,55,95,86,12
1455,291.9999400857204,57,94,84,10
1455,292.9999400857204,51,94,81,11
1455,293.9999400857204,58,97,85,12
1455,294.9999400857204,56,95,85,12
1455,295.9999400857204,55,93,79,11
1455,296.9999400857204,56,95,85,11
1455,297.9999400857204,59,97,87,10
1455,298.9999400857204,54,93,82,11
1455,299.9999400857204,51,89,80,12
2106,0.0,168,161,148,123
2106,9.176931257570686e-06,168,161,148,123
2106,1.0000091769312576,169,164,153,124
2106,2.0000091769312576,172,170,159,131
2106,3.0000091769312576,180,179,165,137
2106,4.000009176931258,167,167,152,132
2106,5.000009176931258,170,165,147,135
2106,6.000009176931258,169,172,151,146
2106,7.000009176931258,175,175,159,144
2106,8.000009176931258,175,173,155,138
2106,9.000009176931258,174,172,156,138
2106,10.000009176931258,182,175,160,140
2106,11.000009176931258,185,183,165,142
2106,12.000009176931258,177,167,153,134
2106,13.000009176931258,186,180,163,138
2106,14.000009176931258,188,183,170,143
2106,15.000009176931258,174,170,156,141
2106,16.000009176931258,165,169,153,144
2106,17.000009176931258,181,180,164,144
2106,18.000009176931258,184,180,165,139
2106,19.000009176931258,181,178,163,129
2106,20.000009176931258,186,179,168,133
2106,21.000009176931258,170,169,154,128
2106,22.000009176931258,174,174,161,125
2106,23.000009176931258,177,169,155,131
2106,24.000009176931258,170,170,154,133
2106,25.000009176931258,184,179,173,135
2106,26.000009176931258,158,159,143,119
2106,27.000009176931258,157,154,139,127
2106,28.000009176931258,126,129,112,109
2106,29.000009176931258,122,117,110,108
2106,30.000009176931258,141,136,121,120
2106,31.000009176931258,141,136,121,120
2106,32.00000917693126,149,142,129,117
2106,33.00000917693126,135,136,121,120
2106,34.00000917693126,128,126,115,111
2106,35.00000917693126,126,124,116,114
2106,36.00000917693126,135,131,119,124
2106,37.00000917693126,127,129,114,126
2106,38.00000917693126,133,129,113,113
2106,39.00000917693126,148,134,127,110
2106,40.00000917693126,149,139,130,108
2106,41.00000917693126,156,148,140,111
2106,42.00000917693126,149,143,131,117
2106,43.00000917693126,148,142,126,116
2106,44.00000917693126,143,137,127,106
2106,45.00000917693126,136,131,122,107
2106,46.00000917693126,138,136,123,112
2106,47.00000917693126,185,180,161,128
2106,48.00000917693126,153,157,146,114
2106,49.00000917693126,153,150,138,115
2106,50.00000917693126,191,184,180,126
2106,51.00000917693126,200,202,196,134
2106,52.00000917693126,174,169,170,114
2106,53.00000917693126,173,176,170,114
2106,54.00000917693126,205,207,204,139
2106,55.00000917693126,204,205,206,135
2106,56.00000917693126,208,208,209,140
2106,57.00000917693126,208,209,210,145
2106,58.00000917693126,210,210,210,150
2106,59.00000917693126,210,210,211,148
2106,60.00000917693126,210,210,211,149
2106,61.00000917693126,210,210,211,146
2106,62.00000917693126,209,210,211,144
2106,63.00000917693126,210,210,212,147
2106,64.00000917693126,210,211,212,147
2106,65.00000917693126,212,212,213,151
2106,66.00000917693126,212,212,214,155
2106,67.00000917693126,213,213,214,159
2106,68.00000917693126,213,214,215,161
2106,69.00000917693126,215,215,216,166
2106,70.00000917693126,216,216,217,172
2106,71.00000917693126,216,216,217,175
2106,72.00000917693126,216,216,216,174
2106,73.00000917693126,215,215,216,169
2106,74.00000917693126,213,214,214,163
2106,75.00000917693126,213,214,214,164
2106,76.00000917693126,215,215,216,168
2106,77.00000917693126,217,217,218,174
2106,78.00000917693126,218,218,219,177
2106,79.00000917693126,217,217,218,175
2106,80.00000917693126,217,217,217,175
2106,81.00000917693126,217,217,217,177
2106,82.00000917693126,217,217,216,175
2106,83.00000917693126,215,214,215,167
2106,84.00000917693126,214,213,215,164
2106,85.00000917693126,216,216,217,170
2106,86.00000917693126,217,218,219,173
2106,87.00000917693126,218,219,220,175
2106,88.00000917693126,218,219,221,177
2106,89.00000917693126,217,218,219,176
2106,90.00000917693126,218,219,219,178
2106,91.00000917693126,219,219,221,183
2106,92.00000917693126,219,220,221,183
2106,93.00000917693126,218,218,220,180
2106,94.00000917693126,217,218,219,180
2106,95.00000917693126,217,218,218,178
2106,96.00000917693126,217,218,218,176
2106,97.00000917693126,219,218,219,181
2106,98.00000917693126,218,218,219,178
2106,99.00000917693126,217,218,219,177
2106,100.00000917693126,217,218,219,178
2106,101.00000917693126,218,218,219,180
2106,102.00000917693126,218,219,220,183
2106,103.00000917693126,218,218,220,180
2106,104.00000917693126,218,218,220,178
2106,105.00000917693126,218,219,220,178
2106,106.00000917693126,218,219,219,180
2106,107.00000917693126,218,218,219,178
2106,108.00000917693126,217,218,218,178
2106,109.00000917693126,217,217,218,172
2106,110.00000917693126,217,216,217,171
2106,111.00000917693126,217,218,219,176
2106,112.00000917693126,216,217,218,170
2106,113.00000917693126,216,217,218,170
2106,114.00000917693126,217,218,219,176
2106,115.00000917693126,218,218,220,179
2106,116.00000917693126,217,217,219,176
2106,117.00000917693126,216,217,218,169
2106,118.00000917693126,216,216,216,171
2106,119.00000917693126,216,215,216,172
2106,120.00000917693126,215,215,215,170
2106,121.00000917693126,215,215,215,169
2106,122.00000917693126,214,215,216,164
2106,123.00000917693126,215,215,216,164
2106,124.00000917693126,214,215,215,163
2106,125.00000917693126,215,214,216,162
2106,126.00000917693126,215,215,216,169
2106,127.00000917693126,215,216,217,166
2106,128.00000917693126,215,216,216,164
2106,129.00000917693126,213,213,215,157
2106,130.00000917693126,213,213,215,156
2106,131.00000917693126,215,215,216,166
2106,132.00000917693126,215,215,216,163
2106,133.00000917693126,216,216,217,166
2106,134.00000917693126,217,217,218,168
2106,135.00000917693126,216,216,218,172
2106,136.00000917693126,217,217,218,171
2106,137.00000917693126,216,216,216,170
2106,138.00000917693126,215,214,215,166
2106,139.00000917693126,214,214,215,163
2106,140.00000917693126,214,215,216,160
2106,141.00000917693126,216,216,218,167
2106,142.00000917693126,216,217,219,170
2106,143.00000917693126,218,217,219,172
2106,144.00000917693126,217,217,219,171
2106,145.00000917693126,217,217,219,174
2106,146.00000917693126,217,217,219,174
2106,147.00000917693126,217,218,220,176
2106,148.00000917693126,218,218,219,178
2106,149.00000917693126,218,218,219,177
2106,150.00000917693126,217,218,219,178
2106,151.00000917693126,219,219,220,178
2106,152.00000917693126,218,219,220,180
2106,153.00000917693126,218,218,220,180
2106,154.00000917693126,218,218,219,180
2106,155.00000917693126,219,219,219,182
2106,156.00000917693126,219,219,219,185
2106,157.00000917693126,218,218,219,181
2106,158.00000917693126,218,218,219,177
2106,159.00000917693126,217,217,218,174
2106,160.00000917693126,217,217,218,172
2106,161.00000917693126,216,217,218,172
2106,162.00000917693126,216,216,217,172
2106,163.00000917693126,217,217,217,173
2106,164.00000917693126,216,216,217,174
2106,165.00000917693126,217,218,218,177
2106,166.00000917693126,218,218,219,180
2106,167.00000917693126,219,219,220,181
2106,168.00000917693126,218,218,219,182
2106,169.00000917693126,219,219,219,183
2106,170.00000917693126,219,218,220,182
2106,171.00000917693126,218,218,219,181
2106,172.00000917693126,217,217,218,177
2106,173.00000917693126,217,217,218,177
2106,174.00000917693126,217,217,218,177
2106,175.00000917693126,217,217,218,180
2106,176.00000917693126,217,217,217,178
2106,177.00000917693126,218,218,219,181
2106,178.00000917693126,218,217,218,179
2106,179.00000917693126,217,217,217,177
2106,180.00000917693126,217,217,217,176
2106,181.00000917693126,217,217,216,173
2106,182.00000917693126,217,216,216,175
2106,183.00000917693126,217,217,217,177
2106,184.00000917693126,217,216,217,176
2106,185.00000917693126,216,216,216,173
2106,186.00000917693126,216,216,216,174
2106,187.00000917693126,216,216,216,172
2106,188.00000917693126,216,215,215,172
2106,189.00000917693126,216,215,215,168
2106,190.00000917693126,215,214,215,171
2106,191.00000917693126,215,215,215,169
2106,192.00000917693126,216,216,215,174
2106,193.00000917693126,216,216,215,175
2106,194.00000917693126,216,216,216,176
2106,195.00000917693126,216,216,215,175
2106,196.00000917693126,216,216,215,173
2106,197.00000917693126,216,216,215,174
2106,198.00000917693126,215,215,214,173
2106,199.00000917693126,217,216,215,178
2106,200.00000917693126,217,216,215,177
2106,201.00000917693126,215,215,214,172
2106,202.00000917693126,212,212,211,158
2106,203.00000917693126,212,212,211,160
2106,204.00000917693126,214,213,212,167
2106,205.00000917693126,215,214,213,168
2106,206.00000917693126,214,214,213,167
2106,207.00000917693126,215,214,213,171
2106,208.00000917693126,215,214,213,173
2106,209.00000917693126,216,216,214,177
2106,210.00000917693126,216,216,214,178
2106,211.00000917693126,216,215,214,176
2106,212.00000917693126,215,215,213,174
2106,213.00000917693126,216,215,213,173
2106,214.00000917693126,214,213,212,168
2106,215.00000917693126,214,213,212,165
2106,216.00000917693126,214,214,212,166
2106,217.00000917693126,213,212,211,161
2106,218.00000917693126,209,209,209,142
2106,219.00000917693126,203,202,200,126
2106,220.00000917693126,198,195,188,112
2106,221.00000917693126,184,181,177,96
2106,222.00000917693126,169,162,159,79
2106,223.00000917693126,153,149,144,67
2106,224.00000917693126,149,145,141,65
2106,225.00000917693126,161,157,150,66
2106,226.00000917693126,153,152,151,53
2106,227.00000917693126,141,144,137,34
2106,228.00000917693126,139,144,139,29
2106,229.00000917693126,137,141,135,25
2106,230.00000917693126,136,143,132,24
2106,231.00000917693126,135,144,135,24
2106,232.00000917693126,138,145,133,27
2106,233.00000917693126,144,145,134,31
2106,234.00000917693126,146,148,132,34
2106,235.00000917693126,147,148,134,34
2106,236.00000917693126,149,150,136,35
2106,237.00000917693126,150,151,141,35
2106,238.00000917693126,147,149,137,34
2106,239.00000917693126,144,148,136,35
2106,240.00000917693126,145,146,135,35
2106,241.00000917693126,149,149,134,36
2106,242.00000917693126,151,151,143,36
2106,243.00000917693126,146,146,137,34
2106,244.00000917693126,147,141,135,34
2106,245.00000917693126,141,146,136,31
2106,246.00000917693126,140,140,131,30
2106,247.00000917693126,141,142,134,29
2106,248.00000917693126,137,142,132,30
2106,249.00000917693126,140,144,131,30
2106,250.00000917693126,140,142,132,31
2106,251.00000917693126,142,143,131,29
2106,252.00000917693126,137,141,133,31
2106,253.00000917693126,138,144,131,30
2106,254.00000917693126,144,146,135,32
2106,255.00000917693126,154,170,161,38
2106,256.00000917693126,149,164,160,33
2106,257.00000917693126,144,152,149,27
2106,258.00000917693126,139,149,141,26
2106,259.00000917693126,137,146,139,25
2106,260.00000917693126,133,146,136,25
2106,261.00000917693126,137,145,136,25
2106,262.00000917693126,139,148,142,25
2106,263.00000917693126,139,148,137,26
2106,264.00000917693126,137,147,137,25
2106,265.00000917693126,136,148,140,26
2106,266.00000917693126,140,146,142,26
2106,267.00000917693126,143,150,142,28
2106,268.00000917693126,157,169,164,38
2106,269.00000917693126,178,194,198,45
2106,270.00000917693126,161,173,175,37
2106,271.00000917693126,157,172,170,38
2106,272.00000917693126,169,182,182,44
2106,273.00000917693126,172,182,182,46
2106,274.00000917693126,173,186,185,48
2106,275.00000917693126,179,188,190,48
2106,276.00000917693126,181,186,188,61
2106,277.00000917693126,211,212,212,99
2106,278.00000917693126,213,217,221,82
2106,279.00000917693126,192,195,201,48
2106,280.00000917693126,145,160,158,31
2106,281.00000917693126,155,170,166,39
2106,282.00000917693126,177,192,189,42
2106,283.00000917693126,125,148,149,22
2106,284.00000917693126,112,135,128,18
2106,285.00000917693126,119,134,127,19
2106,286.00000917693126,117,130,126,18
2106,287.00000917693126,117,130,123,18
2106,288.00000917693126,119,131,123,18
2106,289.00000917693126,117,132,127,18
2106,290.00000917693126,116,134,128,18
2106,291.00000917693126,115,137,133,18
2106,292.00000917693126,119,144,138,23
2106,293.00000917693126,127,157,153,27
2106,294.00000917693126,114,140,135,22
2106,295.00000917693126,102,126,119,17
2106,296.00000917693126,101,125,121,17
2106,297.00000917693126,104,128,122,16
2106,298.00000917693126,102,126,121,16
2106,299.00000917693126,104,130,121,18
2106,300.00000917693126,104,126,124,16
